"Id","OwnerId","IsDeleted","Name","CreatedDate","CreatedById","LastModifiedDate","LastModifiedById","SystemModstamp","LastViewedDate","LastReferencedDate","ConnectionReceivedId","ConnectionSentId","nFORCE__App__c","nFORCE__lookupKey__c","nFORCE__Default_Collapse_Parent_Navigation__c","nFORCE__Is_Archived__c","nFORCE__Is_Questionnaire__c","nFORCE__Parent_Group__c","nFORCE__Screen__c","nFORCE__Taxonomy_Id__c","nFORCE__Category__c","nFORCE__Layout__c","nFORCE__Answer_Context__c","Description_Custom__c","nFORCE__Description__c"
"a2BDm000000DHVWMA4","005Dm000001PCR9IAO","","Deal Management Workspace: Loan","2023-02-24T16:04:45.000Z","005Dm000001PCR9IAO","2023-02-24T16:04:45.000Z","005Dm000001PCR9IAO","","","","","","dmw-group-loan","dmwui-42926525468","false","false","false","","","","","","","",""
"a2BDm000000DHVXMA4","005Dm000000nnayIAA","","Reg O Loan Questionnaire","2023-02-24T16:04:45.000Z","005Dm000000nnayIAA","2023-02-24T16:04:45.000Z","005Dm000000nnayIAA","","","","","","","42403246748782453","false","false","true","","","","","","","",""
"a2BDm000000DHVYMA4","005Dm000000nnayIAA","","Reg W","2023-02-24T16:04:45.000Z","005Dm000000nnayIAA","2023-02-24T16:04:45.000Z","005Dm000000nnayIAA","","","","","","","42609568878702857","false","false","true","","","","","","","",""
"a2BDm000000DHVZMA4","005Dm000000nnayIAA","","HVCRE","2023-02-24T16:04:45.000Z","005Dm000000nnayIAA","2023-02-24T16:04:45.000Z","005Dm000000nnayIAA","","","","","","","42088290342052409","false","false","true","","","","","","","",""
"a2BDm000000DHVaMAO","005Dm000000nnayIAA","","CRA","2023-02-24T16:04:45.000Z","005Dm000000nnayIAA","2023-02-24T16:04:45.000Z","005Dm000000nnayIAA","","","","","","","42628075973481801","false","false","true","","","","","","","",""
"a2BDm000000DHVbMAO","005Dm000000nnayIAA","","Product Package Details","2023-02-24T16:04:45.000Z","005Dm000000nnayIAA","2023-02-24T16:04:45.000Z","005Dm000001PCR8IAO","","","","","","pp-details","42543592196307027","false","false","false","","","pp-details","","","","",""
"a2BDm000000DHVcMAO","005Dm000000nnayIAA","","Treasury Proforma","2023-02-24T16:04:45.000Z","005Dm000000nnayIAA","2023-02-24T16:04:45.000Z","005Dm000001PCR8IAO","","","","","","treasury-proforma","42632675207231296","false","false","false","","","treasury-proforma","","","","",""
"a2BDm000000DHVdMAO","005Dm000001PCR9IAO","","Deal Management Workspace: Treasury","2023-02-24T16:04:45.000Z","005Dm000001PCR9IAO","2023-02-24T16:04:45.000Z","005Dm000001PCR9IAO","","","","","","dmw-group-treasury","dmwui-42947458925","false","false","false","","","","","","","",""
"a2BDm000000DHVeMAO","005Dm000000nnayIAA","","HMDA Questionnaire","2023-02-24T16:04:45.000Z","005Dm000000nnayIAA","2023-02-24T16:04:45.000Z","005Dm000000nnayIAA","","","","","","","42198546854157256","false","false","true","","","","","","","",""
"a2BDm000000DHVfMAO","005Dm000000nnayIAA","","Individual KYC","2023-02-24T16:04:45.000Z","005Dm000000nnayIAA","2023-02-24T16:04:45.000Z","005Dm000000nnayIAA","","","","","","","42245838511199639","false","false","true","","","","","","","",""
"a2BDm000000DHVgMAO","005Dm000000nnayIAA","","Business KYC","2023-02-24T16:04:45.000Z","005Dm000000nnayIAA","2023-02-24T16:04:45.000Z","005Dm000000nnayIAA","","","","","","","42940369988812827","false","false","true","","","","","","","",""
"a2BDm000000DHVhMAO","005Dm000000nnayIAA","","Customer Portal","2023-02-24T16:04:45.000Z","005Dm000000nnayIAA","2023-02-24T16:04:45.000Z","005Dm000001PCR8IAO","","","","","","customer-portal","42618985083488670","false","false","false","","","customer-portal","Customer Dashboard","","","",""
"a2BDm000000DHViMAO","005Dm000000nnayIAA","","Counterparty Report","2023-02-24T16:04:45.000Z","005Dm000000nnayIAA","2023-02-24T16:04:45.000Z","005Dm000001PCR8IAO","","","","","","counterparty-report","42604168176930459","false","false","false","","a2GDm000000LG9iMAG","counterparty-report","","","","",""
"a2BDm000000DHVjMAO","005Dm000000nnayIAA","","Treasury Service Maintenance","2023-02-24T16:04:45.000Z","005Dm000000nnayIAA","2023-02-24T16:04:45.000Z","005Dm000001PCR8IAO","","","","","","treasury-service-maintenance","42328704188845287","false","false","false","","a2GDm000000LG9jMAG","treasury-service-maintenance","","","","",""
"a2BDm000000DHVkMAO","005Dm000000nnayIAA","","Secured Small Business Loan Application","2023-02-24T16:04:45.000Z","005Dm000000nnayIAA","2023-02-24T16:04:45.000Z","005Dm000001PCR8IAO","","","","","","portal-sbl-secured","42144815564389495","false","false","false","","","portal-sbl-secured","","","","",""
"a2BDm000000DHVlMAO","005Dm000000nnayIAA","","Secured Small Business Loan Application (Individual Other Involved)","2023-02-24T16:04:45.000Z","005Dm000000nnayIAA","2023-02-24T16:04:45.000Z","005Dm000001PCR8IAO","","","","","","portal-sbl-secured-other","42658790117959030","false","false","false","a2BDm000000DHVkMAO","","portal-sbl-secured-other","","","","",""
"a2BDm000000DHVmMAO","005Dm000000nnayIAA","","Small Business Loan Application","2023-02-24T16:04:45.000Z","005Dm000000nnayIAA","2023-02-24T16:04:45.000Z","005Dm000001PCR8IAO","","","","","","portal-sbloan","42877593676380574","false","false","false","","","portal-sbloan","","","","",""
"a2BDm000000DHVnMAO","005Dm000000nnayIAA","","Small Business Loan Application (Individual Other Involved)","2023-02-24T16:04:45.000Z","005Dm000000nnayIAA","2023-02-24T16:04:45.000Z","005Dm000001PCR8IAO","","","","","","portal-sbl-ind-other","42963370448176169","false","false","false","a2BDm000000DHVmMAO","","portal-sbl-ind-other","","","","",""
"a2BDm000000DHVoMAO","005Dm000001PCRHIA4","","zzzSession (Not Used) - Vehicle Loan","2023-02-24T16:04:45.000Z","005Dm000001PCRHIA4","2023-02-24T16:04:45.000Z","005Dm000001PCR8IAO","","","","","","veh-loan-grp","42633052120866545","false","false","false","","","veh-loan-grp","","","","Packaged - Do not use as this is not maintained (Summer 19)",""
"a2BDm000000DHVpMAO","005Dm000001PCRHIA4","","zzzSession (Not Used) - Unsecured Line of Credit","2023-02-24T16:04:45.000Z","005Dm000001PCRHIA4","2023-02-24T16:04:45.000Z","005Dm000001PCR8IAO","","","","","","loc","42260030052001085","false","false","false","","","loc","","","","Packaged - Do not use as this is not maintained (Summer 19)",""
"a2BDm000000DHVqMAO","005Dm000001PCRHIA4","","zzzSession (Not Used) - Unsecured Term Loan","2023-02-24T16:04:45.000Z","005Dm000001PCRHIA4","2023-02-24T16:04:45.000Z","005Dm000001PCR8IAO","","","","","","term","42522017816930892","false","false","false","","","term","","","","Packaged - Do not use as this is not maintained (Summer 19)",""
"a2BDm000000DHVrMAO","005Dm000001PCRHIA4","","Session (MASTER) - HELOC Loan","2023-02-24T16:04:45.000Z","005Dm000001PCRHIA4","2023-02-24T16:04:45.000Z","005Dm000001PCR8IAO","","","","","","heloc-loan-grp","NotHelocSpecific-UseforAllRetail","false","false","false","","","heloc-loan-grp","","","","Packaged - This is 1 of 4 packaged Groups used for Retail.  As a Gold Standard, this is the baseline to clone and begin configuration.  The other 3 Session Groups are not maintained at this time (Summer 19)",""
"a2BDm000000DHVsMAO","005Dm000001PCRHIA4","","Retail Loan","2023-02-24T16:04:45.000Z","005Dm000001PCRHIA4","2023-02-24T16:04:45.000Z","005Dm000001PCR8IAO","","","","","","retail-loan","46461560278745196","false","false","false","","","retail-loan","","","","",""
"a2BDm000000DHVtMAO","005Dm000001PCRHIA4","","Small Business Loan Workflow","2023-02-24T16:04:45.000Z","005Dm000001PCRHIA4","2023-02-24T16:04:45.000Z","005Dm000001PCR8IAO","","","","","","sbl-group","42806046586701337","false","false","false","","","sbl-group","","","","",""
"a2BDm000000DHVuMAO","005Dm000001PCRHIA4","","Unsecured Small Business Loan Workflow","2023-02-24T16:04:45.000Z","005Dm000001PCRHIA4","2023-02-24T16:04:45.000Z","005Dm000001PCR8IAO","","","","","","sbl-unsec-group","42903851954541033","false","false","false","","","sbl-unsec-group","","","","",""
"a2BDm000000DHVvMAO","005Dm000001PCRHIA4","","MASTER-Loan - Retail","2023-02-24T16:04:45.000Z","005Dm000000nnayIAA","2023-02-24T16:04:45.000Z","005Dm000001PCR8IAO","","","","","","m-retail","80561560278865441","false","false","false","","","m-retail","","","","",""
"a2BDm000000DHVwMAO","005Dm000000nnayIAA","","MASTER-Relationship","2023-02-24T16:04:45.000Z","005Dm000000nnayIAA","2023-02-24T16:04:45.000Z","005Dm000000nnayIAA","","","","","","master-relationship","42261562008922327","false","false","false","","","master-relationship","","","","",""
"a2BDm000000DHVxMAO","005Dm000000nnayIAA","","New Relationship","2023-02-24T16:04:45.000Z","005Dm000000nnayIAA","2023-02-24T16:04:45.000Z","005Dm000001PCR8IAO","","","","","","new-relationship","new-relationship","false","false","false","","","new-relationship","","","","",""
"a2BDm000000DHVyMAO","005Dm000000nnayIAA","","ACH Origination","2023-02-24T16:04:45.000Z","005Dm000000nnayIAA","2023-02-24T16:04:45.000Z","005Dm000001PCR8IAO","","","","","","tmmg-Treasury00-00","42266445183227207","false","false","false","","a2GDm000000LG9kMAG","tmmg-Treasury00-00","","","","",""
"a2BDm000000DHVzMAO","005Dm000000nnayIAA","","MASTER-Treasury Services","2023-02-24T16:04:45.000Z","005Dm000000nnayIAA","2023-02-24T16:04:45.000Z","005Dm000001PCR8IAO","","","","","","master-treasury-services","95821567002558847","false","false","false","","","master-treasury-services","","","","",""
"a2BDm000000DHW0MAO","005Dm000000nnayIAA","","Test","2023-02-24T16:04:45.000Z","005Dm000000nnayIAA","2023-02-24T16:04:45.000Z","005Dm000001PCR8IAO","","","","","","tmmg-Test00-00","42511983079847080","false","false","false","","a2GDm000000LG9lMAG","tmmg-Test00-00","","","","",""
"a2BDm000000DHW1MAO","005Dm000000nnayIAA","","Test 2","2023-02-24T16:04:45.000Z","005Dm000000nnayIAA","2023-02-24T16:04:45.000Z","005Dm000001PCR8IAO","","","","","","tmmg-Test200-00","42929089401890532","false","false","false","","a2GDm000000LG9mMAG","tmmg-Test200-00","","","","",""
"a2BDm000000DHW4MAO","005Dm000000nnayIAA","","Relationship Loans Treegrid","2023-02-24T16:04:45.000Z","005Dm000000nnayIAA","2023-02-24T16:04:45.000Z","005Dm000000nnayIAA","","","","","","relationship-loans-treegrid","rcaui-42318683902","false","false","false","","","relationship-loans-treegrid","","","","",""
"a2BDm000000DHW5MAO","005Dm000000nnayIAA","","Loan","2023-02-24T16:04:45.000Z","005Dm000000nnayIAA","2023-02-24T16:04:45.000Z","005Dm000001PCR8IAO","","","","","","loan","42873438710069149","false","false","false","","","loan","","","","",""
"a2BDm000000DHW6MAO","005Dm000000nnayIAA","","Deposit Product Maintenance","2023-02-24T16:04:45.000Z","005Dm000000nnayIAA","2023-02-24T16:04:45.000Z","005Dm000001PCR8IAO","","","","","","dep-pm","42226489752753856","false","false","false","","","dep-pm","","","","",""
"a2BDm000000DHW7MAO","005Dm000000nnayIAA","","Deposit Product Details Maintenance","2023-02-24T16:04:45.000Z","005Dm000000nnayIAA","2023-02-24T16:04:45.000Z","005Dm000001PCR8IAO","","","","","","dep-pm-details","42075960643920713","false","false","false","","","dep-pm-details","","","","",""
"a2BDm000000DHW8MAO","005Dm000000nnayIAA","","Deposit Beneficiary Maintenance","2023-02-24T16:04:45.000Z","005Dm000000nnayIAA","2023-02-24T16:04:45.000Z","005Dm000001PCR8IAO","","","","","","dep-pm-beneficiary","42557821139915648","false","false","false","","","dep-pm-beneficiary","","","","",""
"a2BDm000000DHW9MAO","005Dm000000nnayIAA","","Deposit Ownership and Roles Maintenance","2023-02-24T16:04:45.000Z","005Dm000000nnayIAA","2023-02-24T16:04:45.000Z","005Dm000001PCR8IAO","","","","","","dep-pm-structure-and-roles","42792102819560802","false","false","false","","","dep-pm-structure-and-roles","","","","",""
"a2BDm000000DHWAMA4","005Dm000000nnayIAA","","Deposit Ancillary Services Maintenance","2023-02-24T16:04:45.000Z","005Dm000000nnayIAA","2023-02-24T16:04:45.000Z","005Dm000001PCR8IAO","","","","","","dep-pm-ancillary-services","42154253801321945","false","false","false","","","dep-pm-ancillary-services","","","","",""
"a2BDm000000DHWBMA4","005Dm000000nnayIAA","","CD Renewal","2023-02-24T16:04:45.000Z","005Dm000000nnayIAA","2023-02-24T16:04:45.000Z","005Dm000001PCR8IAO","","","","","","dep-pm-renew-cd","42837111203817960","false","false","false","","","dep-pm-renew-cd","","","","",""
"a2BDm000000DHWCMA4","005Dm000000nnayIAA","","Treasury Services","2023-02-24T16:04:45.000Z","005Dm000000nnayIAA","2023-02-24T16:04:45.000Z","005Dm000001PCR8IAO","","","","","","treasury-default","42641407286729576","false","false","false","","","treasury-default","","","","",""
"a2BDm000000DHWDMA4","005Dm000000nnayIAA","","Relationship - Default","2023-02-24T16:04:45.000Z","005Dm000000nnayIAA","2023-02-24T16:04:45.000Z","005Dm000001PCR8IAO","","","","","","relationship-default","42943134305184229","false","false","false","","","relationship-default","","","","",""
"a2BDm000000DHWEMA4","005Dm000000nnayIAA","","zzzMASTER-Loan - Default","2023-02-24T16:04:45.000Z","005Dm000000nnayIAA","2023-02-24T16:04:45.000Z","005Dm000001PCR8IAO","","","","","","m-loan-default","42437678991602102","false","false","false","","","m-loan-default","","","","PSO Clone - Not Used",""
"a2BDm000000DHWFMA4","005Dm000000nnayIAA","","DocuSign - Default","2023-02-24T16:04:45.000Z","005Dm000000nnayIAA","2023-02-24T16:04:45.000Z","005Dm000001PCR8IAO","","","","","","docusign-default","42921740115752574","false","false","false","","","docusign-default","","","","",""
"a2BDm000000DHWGMA4","005Dm000000nnayIAA","","Relationship - Individual","2023-02-24T16:04:45.000Z","005Dm000000nnayIAA","2023-02-24T16:04:45.000Z","005Dm000001PCR8IAO","","","","","","relationship-individual","42074912432256224","false","false","false","","","relationship-individual","","","","",""
"a2BDm000000DHWHMA4","005Dm000000nnayIAA","","Relationship - Business","2023-02-24T16:04:45.000Z","005Dm000000nnayIAA","2023-02-24T16:04:45.000Z","005Dm000001PCR8IAO","","","","","","relationship-business","42245014383349897","false","false","false","","","relationship-business","","","","",""
"a2BDm000000DHWIMA4","005Dm000000nnayIAA","","zzzMASTER-Loan - SBA","2023-02-24T16:04:45.000Z","005Dm000000nnayIAA","2023-02-24T16:04:45.000Z","005Dm000001PCR8IAO","","","","","","m-sba","42298379943381721","false","false","false","","","m-sba","","","","PSO Clone - Not Used",""
"a2BDm000000DHWJMA4","005Dm000000nnayIAA","","zzzMASTER-Loan - Construction","2023-02-24T16:04:45.000Z","005Dm000000nnayIAA","2023-02-24T16:04:45.000Z","005Dm000001PCR8IAO","","","","","","m-construction","42321562673586733","false","false","false","","","m-construction","","","","PSO Clone - Not Used",""
"a2BDm000000DHWKMA4","005Dm000000nnayIAA","","MASTER-Loan - Commercial","2023-02-24T16:04:45.000Z","005Dm000000nnayIAA","2023-02-24T16:04:45.000Z","005Dm000000nnayIAA","","","","","","m-commercial","42444854997057659","false","false","false","","","m-commercial","","","","",""
"a2BDm000000DHWLMA4","005Dm000000nnayIAA","","zzzMASTER-Loan - Card","2023-02-24T16:04:45.000Z","005Dm000000nnayIAA","2023-02-24T16:04:45.000Z","005Dm000001PCR8IAO","","","","","","m-card","42454587536386082","false","false","false","","","m-card","","","","PSO Clone - Not Used",""
"a2BDm000000DHWMMA4","005Dm000000nnayIAA","","zzzMASTER-Loan - Consumer","2023-02-24T16:04:45.000Z","005Dm000000nnayIAA","2023-02-24T16:04:45.000Z","005Dm000001PCR8IAO","","","","","","m-consumer","42410464651584665","false","false","false","","","m-consumer","","","","PSO Clone - Not Used",""
"a2BDm000000DHWNMA4","005Dm000000nnayIAA","","MASTER-Loan","2023-02-24T16:04:45.000Z","005Dm000000nnayIAA","2023-02-24T16:04:45.000Z","005Dm000000nnayIAA","","","","","","m-loan","42044771180104939","false","false","false","","","m-loan","","","","",""
"a2BDm000000DHWOMA4","005Dm000000nnayIAA","","New Loan Product","2023-02-24T16:04:45.000Z","005Dm000000nnayIAA","2023-02-24T16:04:45.000Z","005Dm000001PCR8IAO","","","","","","new-loan","42964014987709751","false","false","false","","","new-loan","","","","",""
"a2BDm000000DHWPMA4","005Dm000000nnayIAA","","DocuSign","2023-02-24T16:04:45.000Z","005Dm000000nnayIAA","2023-02-24T16:04:45.000Z","005Dm000001PCR8IAO","","","","","","docusign","42493559830866569","false","false","false","","","docusign","","","","",""
"a2BDm000000DHWQMA4","005Dm000001PCR8IAO","","nCino UI Builder","2023-02-24T16:04:45.000Z","005Dm000001PCR8IAO","2023-02-24T16:04:45.000Z","005Dm000001PCR8IAO","","","","","","uiconfig","42557072293211678","false","false","false","","a2GDm000000LG9nMAG","uiconfig","","","","",""
"a2BDm000000DHWRMA4","005Dm000000nnayIAA","","Memo","2023-02-24T16:04:45.000Z","005Dm000000nnayIAA","2023-02-24T16:04:45.000Z","005Dm000001PCR8IAO","","","","","","memo","42064981524503220","false","false","false","","","memo","","","","",""
"a2BDm000000DHWSMA4","005Dm000000nnayIAA","","MASTER-Product Package Details","2023-02-24T16:04:45.000Z","005Dm000000nnayIAA","2023-02-24T16:04:45.000Z","005Dm000000nnayIAA","","","","","","m-pp-details","42754447670500511","false","false","false","","","m-pp-details","","","","",""
"a2BDm000000DHWTMA4","005Dm000000nnayIAA","","nCino Administration","2023-02-24T16:04:45.000Z","005Dm000000nnayIAA","2023-02-24T16:04:45.000Z","005Dm000001PCR8IAO","","","","","","admin","42945668722646292","false","false","false","","","admin","","","","",""
"a2BDm000000DHWUMA4","005Dm000000nnayIAA","","Relationship","2023-02-24T16:04:45.000Z","005Dm000000nnayIAA","2023-02-24T16:04:45.000Z","005Dm000001PCR8IAO","","","","","","relationship","42635757875411396","false","false","false","","","relationship","","","","",""
"a2BDm000000DHWVMA4","005Dm000000nnayIAA","","Deposit Customer Creation Individual","2023-02-24T16:04:45.000Z","005Dm000000nnayIAA","2023-02-24T16:04:45.000Z","005Dm000001PCR8IAO","","","","","","dep-cc-ind","42753016822525984","false","false","false","","","dep-cc-ind","","","","",""
"a2BDm000000DHWWMA4","005Dm000000nnayIAA","","Deposit Customer Creation Business","2023-02-24T16:04:45.000Z","005Dm000000nnayIAA","2023-02-24T16:04:45.000Z","005Dm000001PCR8IAO","","","","","","dep-cc-bus","42346516231822941","false","false","false","","","dep-cc-bus","","","","",""
"a2BDm000000DHWXMA4","005Dm000000nnayIAA","","Loan Customer Creation Individual","2023-02-24T16:04:45.000Z","005Dm000000nnayIAA","2023-02-24T16:04:45.000Z","005Dm000000nnayIAA","","","","","","loan-cc-ind","42874089776727817","false","false","false","","","loan-cc-ind","","","","",""
"a2BDm000000DHWYMA4","005Dm000000nnayIAA","","Loan Customer Creation Business","2023-02-24T16:04:45.000Z","005Dm000000nnayIAA","2023-02-24T16:04:45.000Z","005Dm000000nnayIAA","","","","","","loan-cc-bus","42604178718324788","false","false","false","","","loan-cc-bus","","","","",""
"a2BDm000000DHWZMA4","005Dm000000nnayIAA","","Customer Creation: Product Line Selection","2023-02-24T16:04:45.000Z","005Dm000000nnayIAA","2023-02-24T16:04:45.000Z","005Dm000001PCR8IAO","","","","","","cc-product-line","42365870589859264","false","false","false","","","cc-product-line","","","","",""
"a2BDm000000DHWaMAO","005Dm000000nnayIAA","","Deposit Product Creation","2023-02-24T16:04:45.000Z","005Dm000000nnayIAA","2023-02-24T16:04:45.000Z","005Dm000001PCR8IAO","","","","","","dep-pc","42103181906180590","false","false","false","","","dep-pc","","","","",""
"a2BDm000000DHWbMAO","005Dm000000nnayIAA","","Commercial Accelerate Loan","2023-02-24T16:04:45.000Z","005Dm000000nnayIAA","2023-02-24T16:04:45.000Z","005Dm000000nnayIAA","","","","","","comm-accel-loan","12091615577844223","false","false","false","","","comm-accel-loan","","","","",""
"a2BDm000000DHWcMAO","005Dm000000nnayIAA","","MASTER Loan Post Approval","2023-02-24T16:04:45.000Z","005Dm000000nnayIAA","2023-02-24T16:04:45.000Z","005Dm000000nnayIAA","","","","","","m-loan-post-approval","66341619447512452","false","false","false","","","m-loan-post-approval","","","","",""
"a2BDm000000DHWdMAO","005Dm000000nnayIAA","","MASTER Loan Booked","2023-02-24T16:04:45.000Z","005Dm000000nnayIAA","2023-02-24T16:04:45.000Z","005Dm000000nnayIAA","","","","","","m-loan-booked","49741620937669910","false","false","false","","","m-loan-booked","","","","",""
