"Id","OwnerId","IsDeleted","Name","CreatedDate","CreatedById","LastModifiedDate","LastModifiedById","SystemModstamp","ConnectionReceivedId","ConnectionSentId","nFORCE__Generator_Class__c","nFORCE__lookupKey__c","nFORCE__Category__c","nFORCE__Layout_Description__c","nFORCE__Layout_Preview_Image__c","nFORCE__Visualforce_Page__c"
"a2CDm000000LiufMAC","005Dm000000nnayIAA","","NoLayout","2023-02-24T16:04:45.000Z","005Dm000000nnayIAA","2023-02-24T16:04:45.000Z","005Dm000000nnayIAA","","","","Html.Layouts.NoLayout","42781659256906018","","","",""
"a2CDm000000LiugMAC","005Dm000000nnayIAA","","TableLayout","2023-02-24T16:04:45.000Z","005Dm000000nnayIAA","2023-02-24T16:04:45.000Z","005Dm000000nnayIAA","","","","Html.Layouts.TableLayout","42626138849107981","","","",""
"a2CDm000000LiuhMAC","005Dm000000nnayIAA","","NoLayout","2023-02-24T16:04:45.000Z","005Dm000000nnayIAA","2023-02-24T16:04:45.000Z","005Dm000000nnayIAA","","","","Html.Layouts.NoLayout","42231249819938106","","","",""
"a2CDm000000LiuiMAC","005Dm000000nnayIAA","","NoLayout","2023-02-24T16:04:45.000Z","005Dm000000nnayIAA","2023-02-24T16:04:45.000Z","005Dm000000nnayIAA","","","","Html.Layouts.NoLayout","42158968815928796","","","",""
"a2CDm000000LiujMAC","005Dm000000nnayIAA","","TwoColumnGrid","2023-02-24T16:04:45.000Z","005Dm000000nnayIAA","2023-02-24T16:04:45.000Z","005Dm000000nnayIAA","","","","Html.Layouts.TwoColumnGrid","42850165746207169","","","",""
"a2CDm000000LiukMAC","005Dm000000nnayIAA","","TableLayout","2023-02-24T16:04:45.000Z","005Dm000000nnayIAA","2023-02-24T16:04:45.000Z","005Dm000000nnayIAA","","","","Html.Layouts.TableLayout","42391876653704558","","","",""
"a2CDm000000LiulMAC","005Dm000000nnayIAA","","NoLayout","2023-02-24T16:04:45.000Z","005Dm000000nnayIAA","2023-02-24T16:04:45.000Z","005Dm000000nnayIAA","","","","Html.Layouts.NoLayout","42307955451120790","","","",""
"a2CDm000000LiumMAC","005Dm000000nnayIAA","","NoLayout","2023-02-24T16:04:45.000Z","005Dm000000nnayIAA","2023-02-24T16:04:45.000Z","005Dm000000nnayIAA","","","","Html.Layouts.NoLayout","42827050442053982","","","",""
"a2CDm000000LiunMAC","005Dm000000nnayIAA","","SingleColumnGrid","2023-02-24T16:04:45.000Z","005Dm000000nnayIAA","2023-02-24T16:04:45.000Z","005Dm000000nnayIAA","","","","Html.Layouts.SingleColumnGrid","42604206855771905","","","",""
"a2CDm000000LiuoMAC","005Dm000000nnayIAA","","NoLayout","2023-02-24T16:04:45.000Z","005Dm000000nnayIAA","2023-02-24T16:04:45.000Z","005Dm000000nnayIAA","","","","Html.Layouts.NoLayout","42462168007630294","","","",""
"a2CDm000000LiupMAC","005Dm000000nnayIAA","","TableLayout","2023-02-24T16:04:45.000Z","005Dm000000nnayIAA","2023-02-24T16:04:45.000Z","005Dm000000nnayIAA","","","","Html.Layouts.TableLayout","42105134890155912","","","",""
"a2CDm000000LivRMAS","005Dm000000nnayIAA","","TwoColumnGrid","2023-02-24T16:04:45.000Z","005Dm000000nnayIAA","2023-02-24T16:04:45.000Z","005Dm000000nnayIAA","","","","Html.Layouts.TwoColumnGrid","42194119301197215","","","",""
"a2CDm000000LivSMAS","005Dm000000nnayIAA","","TwoColumnGrid","2023-02-24T16:04:45.000Z","005Dm000000nnayIAA","2023-02-24T16:04:45.000Z","005Dm000000nnayIAA","","","","Html.Layouts.TwoColumnGrid","42168663986795115","","","",""
"a2CDm000000LivTMAS","005Dm000000nnayIAA","","NoLayout","2023-02-24T16:04:45.000Z","005Dm000000nnayIAA","2023-02-24T16:04:45.000Z","005Dm000000nnayIAA","","","","Html.Layouts.NoLayout","42416670953550255","","","",""
"a2CDm000000LivUMAS","005Dm000000nnayIAA","","TableLayout","2023-02-24T16:04:45.000Z","005Dm000000nnayIAA","2023-02-24T16:04:45.000Z","005Dm000000nnayIAA","","","","Html.Layouts.TableLayout","42924366715229851","","","",""
"a2CDm000000LiwZMAS","005Dm000000nnayIAA","","NoLayout","2023-02-24T16:04:45.000Z","005Dm000000nnayIAA","2023-02-24T16:04:45.000Z","005Dm000000nnayIAA","","","","Html.Layouts.NoLayout","42352276582142462","","","",""
"a2CDm000000LiwaMAC","005Dm000000nnayIAA","","NoLayout","2023-02-24T16:04:45.000Z","005Dm000000nnayIAA","2023-02-24T16:04:45.000Z","005Dm000000nnayIAA","","","","Html.Layouts.NoLayout","42892781429225809","","","",""
"a2CDm000000LiwbMAC","005Dm000000nnayIAA","","TableLayout","2023-02-24T16:04:45.000Z","005Dm000000nnayIAA","2023-02-24T16:04:45.000Z","005Dm000000nnayIAA","","","","Html.Layouts.TableLayout","42425443208536181","","","",""
"a2CDm000000LiwcMAC","005Dm000000nnayIAA","","TwoColumnGrid","2023-02-24T16:04:45.000Z","005Dm000000nnayIAA","2023-02-24T16:04:45.000Z","005Dm000000nnayIAA","","","","Html.Layouts.TwoColumnGrid","42207337910070284","","","",""
"a2CDm000000LiwdMAC","005Dm000000nnayIAA","","TwoColumnGrid","2023-02-24T16:04:45.000Z","005Dm000000nnayIAA","2023-02-24T16:04:45.000Z","005Dm000000nnayIAA","","","","Html.Layouts.TwoColumnGrid","42638527111102055","","","",""
"a2CDm000000LizBMAS","005Dm000000nnayIAA","","NoLayout","2023-02-24T16:04:45.000Z","005Dm000000nnayIAA","2023-02-24T16:04:45.000Z","005Dm000000nnayIAA","","","","Html.Layouts.NoLayout","42648806013717878","","","",""
"a2CDm000000LizCMAS","005Dm000000nnayIAA","","TwoColumnGrid","2023-02-24T16:04:45.000Z","005Dm000000nnayIAA","2023-02-24T16:04:45.000Z","005Dm000000nnayIAA","","","","Html.Layouts.TwoColumnGrid","42111047600717407","","","",""
"a2CDm000000LizDMAS","005Dm000000nnayIAA","","TwoColumnGrid","2023-02-24T16:04:45.000Z","005Dm000000nnayIAA","2023-02-24T16:04:45.000Z","005Dm000000nnayIAA","","","","Html.Layouts.TwoColumnGrid","42623081306678578","","","",""
"a2CDm000000LizEMAS","005Dm000000nnayIAA","","TwoColumnGrid","2023-02-24T16:04:45.000Z","005Dm000000nnayIAA","2023-02-24T16:04:45.000Z","005Dm000000nnayIAA","","","","Html.Layouts.TwoColumnGrid","14431560278867960","","","",""
"a2CDm000000LizFMAS","005Dm000000nnayIAA","","NoLayout","2023-02-24T16:04:45.000Z","005Dm000000nnayIAA","2023-02-24T16:04:45.000Z","005Dm000000nnayIAA","","","","Html.Layouts.NoLayout","88191560278867959","","","",""
"a2CDm000000LizGMAS","005Dm000000nnayIAA","","NoLayout","2023-02-24T16:04:45.000Z","005Dm000000nnayIAA","2023-02-24T16:04:45.000Z","005Dm000000nnayIAA","","","","Html.Layouts.NoLayout","23381560278867959","","","",""
"a2CDm000000LizHMAS","005Dm000000nnayIAA","","SingleColumnGrid","2023-02-24T16:04:45.000Z","005Dm000000nnayIAA","2023-02-24T16:04:45.000Z","005Dm000000nnayIAA","","","","Html.Layouts.SingleColumnGrid","43881560278867960","","","",""
"a2CDm000000LizqMAC","005Dm000000nnayIAA","","NoLayout","2023-02-24T16:04:45.000Z","005Dm000000nnayIAA","2023-02-24T16:04:45.000Z","005Dm000000nnayIAA","","","","Html.Layouts.NoLayout","42750215167293706","","","",""
"a2CDm000000LizrMAC","005Dm000000nnayIAA","","NoLayout","2023-02-24T16:04:45.000Z","005Dm000000nnayIAA","2023-02-24T16:04:45.000Z","005Dm000000nnayIAA","","","","Html.Layouts.NoLayout","72061562008947708","","","",""
"a2CDm000000LizsMAC","005Dm000000nnayIAA","","TwoColumnGrid","2023-02-24T16:04:45.000Z","005Dm000000nnayIAA","2023-02-24T16:04:45.000Z","005Dm000000nnayIAA","","","","Html.Layouts.TwoColumnGrid","53551562008947708","","","",""
"a2CDm000000Lj0TMAS","005Dm000000nnayIAA","","TwoColumnGrid","2023-02-24T16:04:45.000Z","005Dm000000nnayIAA","2023-02-24T16:04:45.000Z","005Dm000000nnayIAA","","","","Html.Layouts.TwoColumnGrid","42036523911362091","","","",""
"a2CDm000000Lj0UMAS","005Dm000000nnayIAA","","TableLayout","2023-02-24T16:04:45.000Z","005Dm000000nnayIAA","2023-02-24T16:04:45.000Z","005Dm000000nnayIAA","","","","Html.Layouts.TableLayout","87851567002572493","","","",""
"a2CDm000000Lj0VMAS","005Dm000000nnayIAA","","TableLayout","2023-02-24T16:04:45.000Z","005Dm000000nnayIAA","2023-02-24T16:04:45.000Z","005Dm000000nnayIAA","","","","Html.Layouts.TableLayout","80081567002572493","","","",""
"a2CDm000000Lj0WMAS","005Dm000000nnayIAA","","TableLayout","2023-02-24T16:04:45.000Z","005Dm000000nnayIAA","2023-02-24T16:04:45.000Z","005Dm000000nnayIAA","","","","Html.Layouts.TableLayout","16941567002572494","","","",""
"a2CDm000000Lj0cMAC","005Dm000000nnayIAA","","NoLayout","2023-02-24T16:04:45.000Z","005Dm000000nnayIAA","2023-02-24T16:04:45.000Z","005Dm000000nnayIAA","","","","Html.Layouts.NoLayout","42281917907252354","","","",""
"a2CDm000000Lj0dMAC","005Dm000000nnayIAA","","NoLayout","2023-02-24T16:04:45.000Z","005Dm000000nnayIAA","2023-02-24T16:04:45.000Z","005Dm000000nnayIAA","","","","Html.Layouts.NoLayout","42459547103480938","","","",""
"a2CDm000000Lj0eMAC","005Dm000000nnayIAA","","TwoColumnGrid","2023-02-24T16:04:45.000Z","005Dm000000nnayIAA","2023-02-24T16:04:45.000Z","005Dm000000nnayIAA","","","","Html.Layouts.TwoColumnGrid","42418177285209227","","","",""
"a2CDm000000Lj0fMAC","005Dm000000nnayIAA","","TwoColumnGrid","2023-02-24T16:04:45.000Z","005Dm000000nnayIAA","2023-02-24T16:04:45.000Z","005Dm000000nnayIAA","","","","Html.Layouts.TwoColumnGrid","42666605161288911","","","",""
"a2CDm000000Lj0gMAC","005Dm000000nnayIAA","","TwoColumnGrid","2023-02-24T16:04:45.000Z","005Dm000000nnayIAA","2023-02-24T16:04:45.000Z","005Dm000000nnayIAA","","","","Html.Layouts.TwoColumnGrid","42320768730763850","","","",""
"a2CDm000000Lj0hMAC","005Dm000000nnayIAA","","TableLayout","2023-02-24T16:04:45.000Z","005Dm000000nnayIAA","2023-02-24T16:04:45.000Z","005Dm000000nnayIAA","","","","Html.Layouts.TableLayout","42914029967103415","","","",""
"a2CDm000000Lj0iMAC","005Dm000000nnayIAA","","TableLayout","2023-02-24T16:04:45.000Z","005Dm000000nnayIAA","2023-02-24T16:04:45.000Z","005Dm000000nnayIAA","","","","Html.Layouts.TableLayout","42008310052836603","","","",""
"a2CDm000000Lj1HMAS","005Dm000000nnayIAA","","TwoColumnGrid","2023-02-24T16:04:45.000Z","005Dm000000nnayIAA","2023-02-24T16:04:45.000Z","005Dm000000nnayIAA","","","","Html.Layouts.TwoColumnGrid","42771303619685748","","","",""
"a2CDm000000Lj1IMAS","005Dm000000nnayIAA","","NoLayout","2023-02-24T16:04:45.000Z","005Dm000000nnayIAA","2023-02-24T16:04:45.000Z","005Dm000000nnayIAA","","","","Html.Layouts.NoLayout","42908910678340000","","","",""
"a2CDm000000Lj1LMAS","005Dm000000nnayIAA","","TableLayout","2023-02-24T16:04:45.000Z","005Dm000000nnayIAA","2023-02-24T16:04:45.000Z","005Dm000000nnayIAA","","","","Html.Layouts.TableLayout","423805189214134860","","","",""
"a2CDm000000Lj1MMAS","005Dm000000nnayIAA","","TableLayout","2023-02-24T16:04:45.000Z","005Dm000000nnayIAA","2023-02-24T16:04:45.000Z","005Dm000000nnayIAA","","","","Html.Layouts.TableLayout","423805189214134861","","","",""
"a2CDm000000Lj1NMAS","005Dm000000nnayIAA","","TableLayout","2023-02-24T16:04:45.000Z","005Dm000000nnayIAA","2023-02-24T16:04:45.000Z","005Dm000000nnayIAA","","","","Html.Layouts.TableLayout","423805189214134862","","","",""
"a2CDm000000Lj1WMAS","005Dm000000nnayIAA","","TwoColumnGrid","2023-02-24T16:04:45.000Z","005Dm000000nnayIAA","2023-02-24T16:04:45.000Z","005Dm000000nnayIAA","","","","Html.Layouts.TwoColumnGrid","42236575597281130","","","",""
"a2CDm000000Lj21MAC","005Dm000000nnayIAA","","TwoColumnGrid","2023-02-24T16:04:45.000Z","005Dm000000nnayIAA","2023-02-24T16:04:45.000Z","005Dm000000nnayIAA","","","","Html.Layouts.TwoColumnGrid","42693364340854134","","","",""
"a2CDm000000Lj22MAC","005Dm000000nnayIAA","","TwoColumnGrid","2023-02-24T16:04:45.000Z","005Dm000000nnayIAA","2023-02-24T16:04:45.000Z","005Dm000000nnayIAA","","","","Html.Layouts.TwoColumnGrid","42224690031248780","","","",""
"a2CDm000000Lj23MAC","005Dm000000nnayIAA","","TwoColumnGrid","2023-02-24T16:04:45.000Z","005Dm000000nnayIAA","2023-02-24T16:04:45.000Z","005Dm000000nnayIAA","","","","Html.Layouts.TwoColumnGrid","42635208571032064","","","",""
"a2CDm000000Lj24MAC","005Dm000000nnayIAA","","TwoColumnGrid","2023-02-24T16:04:45.000Z","005Dm000000nnayIAA","2023-02-24T16:04:45.000Z","005Dm000000nnayIAA","","","","Html.Layouts.TwoColumnGrid","42304620396920647","","","",""
"a2CDm000000Lj2bMAC","005Dm000000nnayIAA","","TwoColumnGrid","2023-02-24T16:04:45.000Z","005Dm000000nnayIAA","2023-02-24T16:04:45.000Z","005Dm000000nnayIAA","","","","Html.Layouts.TwoColumnGrid","42332310368014825","","","",""
"a2CDm000000Lj2cMAC","005Dm000000nnayIAA","","TwoColumnGrid","2023-02-24T16:04:45.000Z","005Dm000000nnayIAA","2023-02-24T16:04:45.000Z","005Dm000000nnayIAA","","","","Html.Layouts.TwoColumnGrid","42146492712301673","","","",""
"a2CDm000000Lj2dMAC","005Dm000000nnayIAA","","NoLayout","2023-02-24T16:04:45.000Z","005Dm000000nnayIAA","2023-02-24T16:04:45.000Z","005Dm000000nnayIAA","","","","Html.Layouts.NoLayout","42169342725117281","","","",""
"a2CDm000000Lj2eMAC","005Dm000000nnayIAA","","TableLayout","2023-02-24T16:04:45.000Z","005Dm000000nnayIAA","2023-02-24T16:04:45.000Z","005Dm000000nnayIAA","","","","Html.Layouts.TableLayout","42620365532126681","","","",""
"a2CDm000000Lj2fMAC","005Dm000000nnayIAA","","TwoColumnGrid","2023-02-24T16:04:45.000Z","005Dm000000nnayIAA","2023-02-24T16:04:45.000Z","005Dm000000nnayIAA","","","","Html.Layouts.TwoColumnGrid","42519078222946588","","","",""
"a2CDm000000Lj2gMAC","005Dm000000nnayIAA","","TwoColumnGrid","2023-02-24T16:04:45.000Z","005Dm000000nnayIAA","2023-02-24T16:04:45.000Z","005Dm000000nnayIAA","","","","Html.Layouts.TwoColumnGrid","42900817578682316","","","",""
"a2CDm000000Lj2hMAC","005Dm000000nnayIAA","","TwoColumnGrid","2023-02-24T16:04:45.000Z","005Dm000000nnayIAA","2023-02-24T16:04:45.000Z","005Dm000000nnayIAA","","","","Html.Layouts.TwoColumnGrid","42847769287868252","","","",""
"a2CDm000000Lj2iMAC","005Dm000000nnayIAA","","TwoColumnGrid","2023-02-24T16:04:45.000Z","005Dm000000nnayIAA","2023-02-24T16:04:45.000Z","005Dm000000nnayIAA","","","","Html.Layouts.TwoColumnGrid","42669823203539594","","","",""
"a2CDm000000Lj2jMAC","005Dm000000nnayIAA","","NoLayout","2023-02-24T16:04:45.000Z","005Dm000000nnayIAA","2023-02-24T16:04:45.000Z","005Dm000000nnayIAA","","","","Html.Layouts.NoLayout","42384311201975589","","","",""
"a2CDm000000Lj2kMAC","005Dm000000nnayIAA","","TableLayout","2023-02-24T16:04:45.000Z","005Dm000000nnayIAA","2023-02-24T16:04:45.000Z","005Dm000000nnayIAA","","","","Html.Layouts.TableLayout","42531362879136297","","","",""
"a2CDm000000LjAxMAK","005Dm000000nnayIAA","","NoLayout","2023-02-24T16:04:45.000Z","005Dm000000nnayIAA","2023-02-24T16:04:45.000Z","005Dm000000nnayIAA","","","","Html.Layouts.NoLayout","42565951438092068","","","",""
"a2CDm000000LjAyMAK","005Dm000000nnayIAA","","TableLayout","2023-02-24T16:04:45.000Z","005Dm000000nnayIAA","2023-02-24T16:04:45.000Z","005Dm000000nnayIAA","","","","Html.Layouts.TableLayout","42752971908378809","","","",""
"a2CDm000000LjAzMAK","005Dm000000nnayIAA","","NoLayout","2023-02-24T16:04:45.000Z","005Dm000000nnayIAA","2023-02-24T16:04:45.000Z","005Dm000000nnayIAA","","","","Html.Layouts.NoLayout","42731267334142973","","","",""
"a2CDm000000LjB0MAK","005Dm000000nnayIAA","","TwoColumnGrid","2023-02-24T16:04:45.000Z","005Dm000000nnayIAA","2023-02-24T16:04:45.000Z","005Dm000000nnayIAA","","","","Html.Layouts.TwoColumnGrid","42386943597415043","","","",""
"a2CDm000000LjB3MAK","005Dm000000nnayIAA","","NoLayout","2023-02-24T16:04:45.000Z","005Dm000000nnayIAA","2023-02-24T16:04:45.000Z","005Dm000000nnayIAA","","","","Html.Layouts.NoLayout","42017009139645992","","","",""
"a2CDm000000LjB4MAK","005Dm000000nnayIAA","","TableLayout","2023-02-24T16:04:45.000Z","005Dm000000nnayIAA","2023-02-24T16:04:45.000Z","005Dm000000nnayIAA","","","","Html.Layouts.TableLayout","42013675635366865","","","",""
"a2CDm000000LjB5MAK","005Dm000000nnayIAA","","TwoColumnGrid","2023-02-24T16:04:45.000Z","005Dm000000nnayIAA","2023-02-24T16:04:45.000Z","005Dm000000nnayIAA","","","","Html.Layouts.TwoColumnGrid","42620587200040948","","","",""
"a2CDm000000LjB6MAK","005Dm000000nnayIAA","","TwoColumnGrid","2023-02-24T16:04:45.000Z","005Dm000000nnayIAA","2023-02-24T16:04:45.000Z","005Dm000000nnayIAA","","","","Html.Layouts.TwoColumnGrid","42883254986396194","","","",""
"a2CDm000000LjB7MAK","005Dm000000nnayIAA","","TwoColumnGrid","2023-02-24T16:04:45.000Z","005Dm000000nnayIAA","2023-02-24T16:04:45.000Z","005Dm000000nnayIAA","","","","Html.Layouts.TwoColumnGrid","42269911071702418","","","",""
"a2CDm000000LjBDMA0","005Dm000000nnayIAA","","NoLayout","2023-02-24T16:04:45.000Z","005Dm000000nnayIAA","2023-02-24T16:04:45.000Z","005Dm000000nnayIAA","","","","Html.Layouts.NoLayout","42673310533508381","","","",""
"a2CDm000000LjBEMA0","005Dm000000nnayIAA","","TableLayout","2023-02-24T16:04:45.000Z","005Dm000000nnayIAA","2023-02-24T16:04:45.000Z","005Dm000000nnayIAA","","","","Html.Layouts.TableLayout","42285658143238721","","","",""
"a2CDm000000LjBnMAK","005Dm000000nnayIAA","","TwoColumnGrid","2023-02-24T16:04:45.000Z","005Dm000000nnayIAA","2023-02-24T16:04:45.000Z","005Dm000000nnayIAA","","","","Html.Layouts.TwoColumnGrid","46671615577847595","","","",""
"a2CDm000000LjBoMAK","005Dm000000nnayIAA","","TwoColumnGrid","2023-02-24T16:04:45.000Z","005Dm000000nnayIAA","2023-02-24T16:04:45.000Z","005Dm000000nnayIAA","","","","Html.Layouts.TwoColumnGrid","32291619447516420","","","",""
"a2CDm000000LjBpMAK","005Dm000000nnayIAA","","NoLayout","2023-02-24T16:04:45.000Z","005Dm000000nnayIAA","2023-02-24T16:04:45.000Z","005Dm000000nnayIAA","","","","Html.Layouts.NoLayout","37721619447516418","","","",""
"a2CDm000000LjBqMAK","005Dm000000nnayIAA","","TwoColumnGrid","2023-02-24T16:04:45.000Z","005Dm000000nnayIAA","2023-02-24T16:04:45.000Z","005Dm000000nnayIAA","","","","Html.Layouts.TwoColumnGrid","97211619447516420","","","",""
"a2CDm000000LjBrMAK","005Dm000000nnayIAA","","TwoColumnGrid","2023-02-24T16:04:45.000Z","005Dm000000nnayIAA","2023-02-24T16:04:45.000Z","005Dm000000nnayIAA","","","","Html.Layouts.TwoColumnGrid","16931619447516420","","","",""
"a2CDm000000LjBsMAK","005Dm000000nnayIAA","","TwoColumnGrid","2023-02-24T16:04:45.000Z","005Dm000000nnayIAA","2023-02-24T16:04:45.000Z","005Dm000000nnayIAA","","","","Html.Layouts.TwoColumnGrid","88281619447516420","","","",""
"a2CDm000000LjBtMAK","005Dm000000nnayIAA","","NoLayout","2023-02-24T16:04:45.000Z","005Dm000000nnayIAA","2023-02-24T16:04:45.000Z","005Dm000000nnayIAA","","","","Html.Layouts.NoLayout","73031619447516419","","","",""
"a2CDm000000LjBuMAK","005Dm000000nnayIAA","","NoLayout","2023-02-24T16:04:45.000Z","005Dm000000nnayIAA","2023-02-24T16:04:45.000Z","005Dm000000nnayIAA","","","","Html.Layouts.NoLayout","70831619447516421","","","",""
"a2CDm000000LjBvMAK","005Dm000000nnayIAA","","NoLayout","2023-02-24T16:04:45.000Z","005Dm000000nnayIAA","2023-02-24T16:04:45.000Z","005Dm000000nnayIAA","","","","Html.Layouts.NoLayout","82941619447516421","","","",""
"a2CDm000000LjBwMAK","005Dm000000nnayIAA","","TwoColumnGrid","2023-02-24T16:04:45.000Z","005Dm000000nnayIAA","2023-02-24T16:04:45.000Z","005Dm000000nnayIAA","","","","Html.Layouts.TwoColumnGrid","60691619447516420","","","",""
"a2CDm000000LjBxMAK","005Dm000000nnayIAA","","TwoColumnGrid","2023-02-24T16:04:45.000Z","005Dm000000nnayIAA","2023-02-24T16:04:45.000Z","005Dm000000nnayIAA","","","","Html.Layouts.TwoColumnGrid","06041619447516421","","","",""
"a2CDm000000LjByMAK","005Dm000000nnayIAA","","TwoColumnGrid","2023-02-24T16:04:45.000Z","005Dm000000nnayIAA","2023-02-24T16:04:45.000Z","005Dm000000nnayIAA","","","","Html.Layouts.TwoColumnGrid","87991619447516422","","","",""
"a2CDm000000LjBzMAK","005Dm000000nnayIAA","","NoLayout","2023-02-24T16:04:45.000Z","005Dm000000nnayIAA","2023-02-24T16:04:45.000Z","005Dm000000nnayIAA","","","","Html.Layouts.NoLayout","42678061634688011","","","",""
"a2CDm000000LjC0MAK","005Dm000000nnayIAA","","NoLayout","2023-02-24T16:04:45.000Z","005Dm000000nnayIAA","2023-02-24T16:04:45.000Z","005Dm000000nnayIAA","","","","Html.Layouts.NoLayout","42650696547658405","","","",""
"a2CDm000000LjC1MAK","005Dm000000nnayIAA","","SingleColumnGrid","2023-02-24T16:04:45.000Z","005Dm000000nnayIAA","2023-02-24T16:04:45.000Z","005Dm000000nnayIAA","","","","Html.Layouts.SingleColumnGrid","42017786495228447","","","",""
"a2CDm000000LjC2MAK","005Dm000000nnayIAA","","TwoColumnGrid","2023-02-24T16:04:45.000Z","005Dm000000nnayIAA","2023-02-24T16:04:45.000Z","005Dm000000nnayIAA","","","","Html.Layouts.TwoColumnGrid","83621620937673260","","","",""
"a2CDm000000LjC3MAK","005Dm000000nnayIAA","","NoLayout","2023-02-24T16:04:45.000Z","005Dm000000nnayIAA","2023-02-24T16:04:45.000Z","005Dm000000nnayIAA","","","","Html.Layouts.NoLayout","42597361740996248","","","",""
"a2CDm000000LjC4MAK","005Dm000000nnayIAA","","NoLayout","2023-02-24T16:04:45.000Z","005Dm000000nnayIAA","2023-02-24T16:04:45.000Z","005Dm000000nnayIAA","","","","Html.Layouts.NoLayout","50541620937673259","","","",""
"a2CDm000000LjC5MAK","005Dm000000nnayIAA","","NoLayout","2023-02-24T16:04:45.000Z","005Dm000000nnayIAA","2023-02-24T16:04:45.000Z","005Dm000000nnayIAA","","","","Html.Layouts.NoLayout","42319607037458049","","","",""
"a2CDm000000LjC6MAK","005Dm000000nnayIAA","","TwoColumnGrid","2023-02-24T16:04:45.000Z","005Dm000000nnayIAA","2023-02-24T16:04:45.000Z","005Dm000000nnayIAA","","","","Html.Layouts.TwoColumnGrid","36931620937673260","","","",""
"a2CDm000000LjC7MAK","005Dm000000nnayIAA","","NoLayout","2023-02-24T16:04:45.000Z","005Dm000000nnayIAA","2023-02-24T16:04:45.000Z","005Dm000000nnayIAA","","","","Html.Layouts.NoLayout","98341620937673262","","","",""
"a2CDm000000LjC8MAK","005Dm000000nnayIAA","","NoLayout","2023-02-24T16:04:45.000Z","005Dm000000nnayIAA","2023-02-24T16:04:45.000Z","005Dm000000nnayIAA","","","","Html.Layouts.NoLayout","56941620937673262","","","",""
"a2CDm000000LjC9MAK","005Dm000000nnayIAA","","TwoColumnGrid","2023-02-24T16:04:45.000Z","005Dm000000nnayIAA","2023-02-24T16:04:45.000Z","005Dm000000nnayIAA","","","","Html.Layouts.TwoColumnGrid","51131620937673261","","","",""
"a2CDm000000LjCAMA0","005Dm000000nnayIAA","","NoLayout","2023-02-24T16:04:45.000Z","005Dm000000nnayIAA","2023-02-24T16:04:45.000Z","005Dm000000nnayIAA","","","","Html.Layouts.NoLayout","37061620937673260","","","",""
"a2CDm000000LjCBMA0","005Dm000000nnayIAA","","TwoColumnGrid","2023-02-24T16:04:45.000Z","005Dm000000nnayIAA","2023-02-24T16:04:45.000Z","005Dm000000nnayIAA","","","","Html.Layouts.TwoColumnGrid","60481620937673261","","","",""
"a2CDm000000LjCCMA0","005Dm000000nnayIAA","","TwoColumnGrid","2023-02-24T16:04:45.000Z","005Dm000000nnayIAA","2023-02-24T16:04:45.000Z","005Dm000000nnayIAA","","","","Html.Layouts.TwoColumnGrid","42021620937673261","","","",""
"a2CDm000000LjCDMA0","005Dm000000nnayIAA","","TwoColumnGrid","2023-02-24T16:04:45.000Z","005Dm000000nnayIAA","2023-02-24T16:04:45.000Z","005Dm000000nnayIAA","","","","Html.Layouts.TwoColumnGrid","56231620937673261","","","",""
"a2CDm000000LjCEMA0","005Dm000000nnayIAA","","TwoColumnGrid","2023-02-24T16:04:45.000Z","005Dm000000nnayIAA","2023-02-24T16:04:45.000Z","005Dm000000nnayIAA","","","","Html.Layouts.TwoColumnGrid","06951620937673263","","","",""
"a2CDm000000LjCFMA0","005Dm000000nnayIAA","","NoLayout","2023-02-24T16:04:45.000Z","005Dm000000nnayIAA","2023-02-24T16:04:45.000Z","005Dm000000nnayIAA","","","","Html.Layouts.NoLayout","77701620937673263","","","",""
"a2CDm000000LjCGMA0","005Dm000000nnayIAA","","NoLayout","2023-02-24T16:04:45.000Z","005Dm000000nnayIAA","2023-02-24T16:04:45.000Z","005Dm000000nnayIAA","","","","Html.Layouts.NoLayout","71571620937673264","","","",""
"a2CDm000000LjCHMA0","005Dm000000nnayIAA","","NoLayout","2023-02-24T16:04:45.000Z","005Dm000000nnayIAA","2023-02-24T16:04:45.000Z","005Dm000000nnayIAA","","","","Html.Layouts.NoLayout","42732228977389745","","","",""
"a2CDm000000LjCIMA0","005Dm000000nnayIAA","","NoLayout","2023-02-24T16:04:45.000Z","005Dm000000nnayIAA","2023-02-24T16:04:45.000Z","005Dm000000nnayIAA","","","","Html.Layouts.NoLayout","76911619447516419","","","",""
"a2CDm000000LjCJMA0","005Dm000000nnayIAA","","TableLayout","2023-02-24T16:04:45.000Z","005Dm000000nnayIAA","2023-02-24T16:04:45.000Z","005Dm000000nnayIAA","","","","Html.Layouts.TableLayout","01681619447516419","","","",""
"a2CDm000000LjCKMA0","005Dm000000nnayIAA","","TableLayout","2023-02-24T16:04:45.000Z","005Dm000000nnayIAA","2023-02-24T16:04:45.000Z","005Dm000000nnayIAA","","","","Html.Layouts.TableLayout","43191619447516421","","","",""
"a2CDm000000LjCLMA0","005Dm000000nnayIAA","","TableLayout","2023-02-24T16:04:45.000Z","005Dm000000nnayIAA","2023-02-24T16:04:45.000Z","005Dm000000nnayIAA","","","","Html.Layouts.TableLayout","80361619447516421","","","",""
"a2CDm000000LjCMMA0","005Dm000000nnayIAA","","TableLayout","2023-02-24T16:04:45.000Z","005Dm000000nnayIAA","2023-02-24T16:04:45.000Z","005Dm000000nnayIAA","","","","Html.Layouts.TableLayout","42514990913701727","","","",""
"a2CDm000000LjCNMA0","005Dm000000nnayIAA","","TableLayout","2023-02-24T16:04:45.000Z","005Dm000000nnayIAA","2023-02-24T16:04:45.000Z","005Dm000000nnayIAA","","","","Html.Layouts.TableLayout","42796358122225080","","","",""
"a2CDm000000LjCOMA0","005Dm000000nnayIAA","","TableLayout","2023-02-24T16:04:45.000Z","005Dm000000nnayIAA","2023-02-24T16:04:45.000Z","005Dm000000nnayIAA","","","","Html.Layouts.TableLayout","42090202400194308","","","",""
"a2CDm000000LjCPMA0","005Dm000000nnayIAA","","NoLayout","2023-02-24T16:04:45.000Z","005Dm000000nnayIAA","2023-02-24T16:04:45.000Z","005Dm000000nnayIAA","","","","Html.Layouts.NoLayout","32101620937673259","","","",""
"a2CDm000000LjCQMA0","005Dm000000nnayIAA","","TableLayout","2023-02-24T16:04:45.000Z","005Dm000000nnayIAA","2023-02-24T16:04:45.000Z","005Dm000000nnayIAA","","","","Html.Layouts.TableLayout","85131620937673262","","","",""
"a2CDm000000LjCRMA0","005Dm000000nnayIAA","","TableLayout","2023-02-24T16:04:45.000Z","005Dm000000nnayIAA","2023-02-24T16:04:45.000Z","005Dm000000nnayIAA","","","","Html.Layouts.TableLayout","78041620937673263","","","",""
"a2CDm000000LjCSMA0","005Dm000000nnayIAA","","TableLayout","2023-02-24T16:04:45.000Z","005Dm000000nnayIAA","2023-02-24T16:04:45.000Z","005Dm000000nnayIAA","","","","Html.Layouts.TableLayout","45681620937673260","","","",""
"a2CDm000000LjCTMA0","005Dm000000nnayIAA","","TableLayout","2023-02-24T16:04:45.000Z","005Dm000000nnayIAA","2023-02-24T16:04:45.000Z","005Dm000000nnayIAA","","","","Html.Layouts.TableLayout","04431620937673263","","","",""
"a2CDm000000LjCUMA0","005Dm000000nnayIAA","","TableLayout","2023-02-24T16:04:45.000Z","005Dm000000nnayIAA","2023-02-24T16:04:45.000Z","005Dm000000nnayIAA","","","","Html.Layouts.TableLayout","19081620937673264","","","",""
"a2CDm000000LjCVMA0","005Dm000000nnayIAA","","TableLayout","2023-02-24T16:04:45.000Z","005Dm000000nnayIAA","2023-02-24T16:04:45.000Z","005Dm000000nnayIAA","","","","Html.Layouts.TableLayout","42421154402520859","","","",""
"a2CDm000000LjCWMA0","005Dm000000nnayIAA","","TableLayout","2023-02-24T16:04:45.000Z","005Dm000000nnayIAA","2023-02-24T16:04:45.000Z","005Dm000000nnayIAA","","","","Html.Layouts.TableLayout","42274534996495520","","","",""
"a2CDm000000LjCXMA0","005Dm000000nnayIAA","","SingleColumnGrid","2023-02-24T16:04:45.000Z","005Dm000000nnayIAA","2023-02-24T16:04:45.000Z","005Dm000000nnayIAA","","","","Html.Layouts.SingleColumnGrid","33721619447516419","","","",""
"a2CDm000000LjCYMA0","005Dm000000nnayIAA","","SingleColumnGrid","2023-02-24T16:04:45.000Z","005Dm000000nnayIAA","2023-02-24T16:04:45.000Z","005Dm000000nnayIAA","","","","Html.Layouts.SingleColumnGrid","12551620937673259","","","",""
