"Id","IsDeleted","Name","CreatedDate","CreatedById","LastModifiedDate","LastModifiedById","SystemModstamp","ConnectionReceivedId","ConnectionSentId","LLC_BI__Policy_Exception_Template__c","LLC_BI__Comment_Required__c","LLC_BI__Reason__c","LLC_BI__lookupKey__c"
"a3GDm000000TSLeMAO","","PEMR-00003","2023-02-24T16:04:45.000Z","005Dm000000nnayIAA","2023-02-24T16:04:45.000Z","005Dm000000nnayIAA","","","","a3HDm000000LqOKMA0","false","Additional Documentation Needed","zxasqwpolkmntyfh"
"a3GDm000000TSLfMAO","","PEMR-00004","2023-02-24T16:04:45.000Z","005Dm000000nnayIAA","2023-02-24T16:04:45.000Z","005Dm000000nnayIAA","","","","a3HDm000000LqOLMA0","false","Borrower Deposit Balances with the Bank","42290994655319022"
"a3GDm000000TSLgMAO","","PEMR-00005","2023-02-24T16:04:45.000Z","005Dm000000nnayIAA","2023-02-24T16:04:45.000Z","005Dm000000nnayIAA","","","","a3HDm000000LqOLMA0","false","Customer Relationship Duration","42208377392407302"
"a3GDm000000TSLhMAO","","PEMR-00006","2023-02-24T16:04:45.000Z","005Dm000000nnayIAA","2023-02-24T16:04:45.000Z","005Dm000000nnayIAA","","","","a3HDm000000LqOLMA0","false","Historical Payment Performance","42366353950816611"
"a3GDm000000TSLiMAO","","PEMR-00007","2023-02-24T16:04:45.000Z","005Dm000000nnayIAA","2023-02-24T16:04:45.000Z","005Dm000000nnayIAA","","","","a3HDm000000LqOLMA0","false","Low Collateral LTV","42188874777922089"
"a3GDm000000TSLjMAO","","PEMR-00008","2023-02-24T16:04:45.000Z","005Dm000000nnayIAA","2023-02-24T16:04:45.000Z","005Dm000000nnayIAA","","","","a3HDm000000LqOLMA0","false","Relationship Deposit Balances","42752484785632069"
"a3GDm000000TSLkMAO","","PEMR-00009","2023-02-24T16:04:45.000Z","005Dm000000nnayIAA","2023-02-24T16:04:45.000Z","005Dm000000nnayIAA","","","","a3HDm000000LqOLMA0","false","Company Financial Strength","42572652839025457"
"a3GDm000000TSLlMAO","","PEMR-00010","2023-02-24T16:04:45.000Z","005Dm000000nnayIAA","2023-02-24T16:04:45.000Z","005Dm000000nnayIAA","","","","a3HDm000000LqOLMA0","false","Strong DSC/DTI","42976446130694845"
"a3GDm000000TSLmMAO","","PEMR-00011","2023-02-24T16:04:45.000Z","005Dm000000nnayIAA","2023-02-24T16:04:45.000Z","005Dm000000nnayIAA","","","","a3HDm000000LqOLMA0","false","Guarantor Support/Liquidity","42473903477227386"
"a3GDm000000TSLnMAO","","PEMR-00012","2023-02-24T16:04:45.000Z","005Dm000000nnayIAA","2023-02-24T16:04:45.000Z","005Dm000000nnayIAA","","","","a3HDm000000LqOMMA0","false","Borrower Deposit Balances with the Bank","42559585490573629"
"a3GDm000000TSLoMAO","","PEMR-00013","2023-02-24T16:04:45.000Z","005Dm000000nnayIAA","2023-02-24T16:04:45.000Z","005Dm000000nnayIAA","","","","a3HDm000000LqOMMA0","false","Customer Relationship Duration","42970593612381356"
"a3GDm000000TSLpMAO","","PEMR-00014","2023-02-24T16:04:45.000Z","005Dm000000nnayIAA","2023-02-24T16:04:45.000Z","005Dm000000nnayIAA","","","","a3HDm000000LqOMMA0","false","Historical Payment Performance","42824185554171139"
"a3GDm000000TSLqMAO","","PEMR-00015","2023-02-24T16:04:45.000Z","005Dm000000nnayIAA","2023-02-24T16:04:45.000Z","005Dm000000nnayIAA","","","","a3HDm000000LqOMMA0","false","Low Collateral LTV","42593845165998312"
"a3GDm000000TSLrMAO","","PEMR-00016","2023-02-24T16:04:45.000Z","005Dm000000nnayIAA","2023-02-24T16:04:45.000Z","005Dm000000nnayIAA","","","","a3HDm000000LqOMMA0","false","Relationship Deposit Balances","42323981205572353"
"a3GDm000000TSLsMAO","","PEMR-00017","2023-02-24T16:04:45.000Z","005Dm000000nnayIAA","2023-02-24T16:04:45.000Z","005Dm000000nnayIAA","","","","a3HDm000000LqOMMA0","false","Company Financial Strength","42059858781250256"
"a3GDm000000TSLtMAO","","PEMR-00018","2023-02-24T16:04:45.000Z","005Dm000000nnayIAA","2023-02-24T16:04:45.000Z","005Dm000000nnayIAA","","","","a3HDm000000LqOMMA0","false","Strong DSC/DTI","42871625296544595"
"a3GDm000000TSLuMAO","","PEMR-00019","2023-02-24T16:04:45.000Z","005Dm000000nnayIAA","2023-02-24T16:04:45.000Z","005Dm000000nnayIAA","","","","a3HDm000000LqOMMA0","false","Guarantor Support/Liquidity","42664767910385985"
"a3GDm000000TSLvMAO","","PEMR-00020","2023-02-24T16:04:45.000Z","005Dm000000nnayIAA","2023-02-24T16:04:45.000Z","005Dm000000nnayIAA","","","","a3HDm000000LqONMA0","false","Borrower Deposit Balances with the Bank","42001197494336013"
"a3GDm000000TSLwMAO","","PEMR-00021","2023-02-24T16:04:45.000Z","005Dm000000nnayIAA","2023-02-24T16:04:45.000Z","005Dm000000nnayIAA","","","","a3HDm000000LqONMA0","false","Customer Relationship Duration","42101078158930080"
"a3GDm000000TSLxMAO","","PEMR-00022","2023-02-24T16:04:45.000Z","005Dm000000nnayIAA","2023-02-24T16:04:45.000Z","005Dm000000nnayIAA","","","","a3HDm000000LqONMA0","false","Historical Payment Performance","42451232486987249"
"a3GDm000000TSLyMAO","","PEMR-00024","2023-02-24T16:04:45.000Z","005Dm000000nnayIAA","2023-02-24T16:04:45.000Z","005Dm000000nnayIAA","","","","a3HDm000000LqONMA0","false","Relationship Deposit Balances","42045205481565086"
"a3GDm000000TSLzMAO","","PEMR-00023","2023-02-24T16:04:45.000Z","005Dm000000nnayIAA","2023-02-24T16:04:45.000Z","005Dm000000nnayIAA","","","","a3HDm000000LqONMA0","false","Low Collateral LTV","42743373807418049"
"a3GDm000000TSM0MAO","","PEMR-00025","2023-02-24T16:04:45.000Z","005Dm000000nnayIAA","2023-02-24T16:04:45.000Z","005Dm000000nnayIAA","","","","a3HDm000000LqONMA0","false","Company Financial Strength","42759211415012810"
"a3GDm000000TSM1MAO","","PEMR-00026","2023-02-24T16:04:45.000Z","005Dm000000nnayIAA","2023-02-24T16:04:45.000Z","005Dm000000nnayIAA","","","","a3HDm000000LqONMA0","false","Strong DSC/DTI","42373382532174168"
"a3GDm000000TSM2MAO","","PEMR-00027","2023-02-24T16:04:45.000Z","005Dm000000nnayIAA","2023-02-24T16:04:45.000Z","005Dm000000nnayIAA","","","","a3HDm000000LqONMA0","false","Guarantor Support/Liquidity","42922712309887051"
"a3GDm000000TSM3MAO","","PEMR-00028","2023-02-24T16:04:45.000Z","005Dm000000nnayIAA","2023-02-24T16:04:45.000Z","005Dm000000nnayIAA","","","","a3HDm000000LqOOMA0","false","Borrower Deposit Balances with the Bank","42477363406612082"
"a3GDm000000TSM4MAO","","PEMR-00029","2023-02-24T16:04:45.000Z","005Dm000000nnayIAA","2023-02-24T16:04:45.000Z","005Dm000000nnayIAA","","","","a3HDm000000LqOOMA0","false","Customer Relationship Duration","42361259797451676"
"a3GDm000000TSM5MAO","","PEMR-00030","2023-02-24T16:04:45.000Z","005Dm000000nnayIAA","2023-02-24T16:04:45.000Z","005Dm000000nnayIAA","","","","a3HDm000000LqOOMA0","false","Historical Payment Performance","42149581216931620"
"a3GDm000000TSM6MAO","","PEMR-00031","2023-02-24T16:04:45.000Z","005Dm000000nnayIAA","2023-02-24T16:04:45.000Z","005Dm000000nnayIAA","","","","a3HDm000000LqOOMA0","false","Low Collateral LTV","42647437387794698"
"a3GDm000000TSM7MAO","","PEMR-00032","2023-02-24T16:04:45.000Z","005Dm000000nnayIAA","2023-02-24T16:04:45.000Z","005Dm000000nnayIAA","","","","a3HDm000000LqOOMA0","false","Relationship Deposit Balances","42149564837250114"
"a3GDm000000TSM8MAO","","PEMR-00033","2023-02-24T16:04:45.000Z","005Dm000000nnayIAA","2023-02-24T16:04:45.000Z","005Dm000000nnayIAA","","","","a3HDm000000LqOOMA0","false","Company Financial Strength","42261662385258464"
"a3GDm000000TSM9MAO","","PEMR-00034","2023-02-24T16:04:45.000Z","005Dm000000nnayIAA","2023-02-24T16:04:45.000Z","005Dm000000nnayIAA","","","","a3HDm000000LqOOMA0","false","Strong DSC/DTI","42042582299410324"
"a3GDm000000TSMAMA4","","PEMR-00035","2023-02-24T16:04:45.000Z","005Dm000000nnayIAA","2023-02-24T16:04:45.000Z","005Dm000000nnayIAA","","","","a3HDm000000LqOOMA0","false","Guarantor Support/Liquidity","42009851954060122"
"a3GDm000000TSMBMA4","","PEMR-00036","2023-02-24T16:04:45.000Z","005Dm000000nnayIAA","2023-02-24T16:04:45.000Z","005Dm000000nnayIAA","","","","a3HDm000000LqOPMA0","false","Borrower Deposit Balances with the Bank","42589834881088019"
"a3GDm000000TSMCMA4","","PEMR-00037","2023-02-24T16:04:45.000Z","005Dm000000nnayIAA","2023-02-24T16:04:45.000Z","005Dm000000nnayIAA","","","","a3HDm000000LqOPMA0","false","Customer Relationship Duration","42235143202056424"
"a3GDm000000TSMDMA4","","PEMR-00038","2023-02-24T16:04:45.000Z","005Dm000000nnayIAA","2023-02-24T16:04:45.000Z","005Dm000000nnayIAA","","","","a3HDm000000LqOPMA0","false","Historical Payment Performance","42325665686062909"
"a3GDm000000TSMEMA4","","PEMR-00039","2023-02-24T16:04:45.000Z","005Dm000000nnayIAA","2023-02-24T16:04:45.000Z","005Dm000000nnayIAA","","","","a3HDm000000LqOPMA0","false","Low Collateral LTV","42844738393132140"
"a3GDm000000TSMFMA4","","PEMR-00040","2023-02-24T16:04:45.000Z","005Dm000000nnayIAA","2023-02-24T16:04:45.000Z","005Dm000000nnayIAA","","","","a3HDm000000LqOPMA0","false","Relationship Deposit Balances","42749844919155975"
"a3GDm000000TSMGMA4","","PEMR-00041","2023-02-24T16:04:45.000Z","005Dm000000nnayIAA","2023-02-24T16:04:45.000Z","005Dm000000nnayIAA","","","","a3HDm000000LqOPMA0","false","Company Financial Strength","42402527102250776"
"a3GDm000000TSMHMA4","","PEMR-00042","2023-02-24T16:04:45.000Z","005Dm000000nnayIAA","2023-02-24T16:04:45.000Z","005Dm000000nnayIAA","","","","a3HDm000000LqOPMA0","false","Strong DSC/DTI","42703739966697398"
"a3GDm000000TSMIMA4","","PEMR-00043","2023-02-24T16:04:45.000Z","005Dm000000nnayIAA","2023-02-24T16:04:45.000Z","005Dm000000nnayIAA","","","","a3HDm000000LqOPMA0","false","Guarantor Support/Liquidity","42503710387736326"
"a3GDm000000TSMJMA4","","PEMR-00044","2023-02-24T16:04:45.000Z","005Dm000000nnayIAA","2023-02-24T16:04:45.000Z","005Dm000000nnayIAA","","","","a3HDm000000LqOQMA0","false","Borrower Deposit Balances with the Bank","42153193307116984"
"a3GDm000000TSMKMA4","","PEMR-00045","2023-02-24T16:04:45.000Z","005Dm000000nnayIAA","2023-02-24T16:04:45.000Z","005Dm000000nnayIAA","","","","a3HDm000000LqOQMA0","false","Customer Relationship Duration","42511587470040387"
"a3GDm000000TSMLMA4","","PEMR-00046","2023-02-24T16:04:45.000Z","005Dm000000nnayIAA","2023-02-24T16:04:45.000Z","005Dm000000nnayIAA","","","","a3HDm000000LqOQMA0","false","Historical Payment Performance","42629687336024488"
"a3GDm000000TSMMMA4","","PEMR-00047","2023-02-24T16:04:45.000Z","005Dm000000nnayIAA","2023-02-24T16:04:45.000Z","005Dm000000nnayIAA","","","","a3HDm000000LqOQMA0","false","Low Collateral LTV","42212691263902192"
"a3GDm000000TSMNMA4","","PEMR-00048","2023-02-24T16:04:45.000Z","005Dm000000nnayIAA","2023-02-24T16:04:45.000Z","005Dm000000nnayIAA","","","","a3HDm000000LqOQMA0","false","Relationship Deposit Balances","42039345390794110"
"a3GDm000000TSMOMA4","","PEMR-00049","2023-02-24T16:04:45.000Z","005Dm000000nnayIAA","2023-02-24T16:04:45.000Z","005Dm000000nnayIAA","","","","a3HDm000000LqOQMA0","false","Company Financial Strength","42474761578455796"
"a3GDm000000TSMPMA4","","PEMR-00050","2023-02-24T16:04:45.000Z","005Dm000000nnayIAA","2023-02-24T16:04:45.000Z","005Dm000000nnayIAA","","","","a3HDm000000LqOQMA0","false","Strong DSC/DTI","42503239904502582"
"a3GDm000000TSMQMA4","","PEMR-00051","2023-02-24T16:04:45.000Z","005Dm000000nnayIAA","2023-02-24T16:04:45.000Z","005Dm000000nnayIAA","","","","a3HDm000000LqOQMA0","false","Guarantor Support/Liquidity","42556456172531720"
"a3GDm000000TSMRMA4","","PEMR-00052","2023-02-24T16:04:45.000Z","005Dm000000nnayIAA","2023-02-24T16:04:45.000Z","005Dm000000nnayIAA","","","","a3HDm000000LqORMA0","false","Borrower Deposit Balances with the Bank","42048228171811187"
"a3GDm000000TSMSMA4","","PEMR-00053","2023-02-24T16:04:45.000Z","005Dm000000nnayIAA","2023-02-24T16:04:45.000Z","005Dm000000nnayIAA","","","","a3HDm000000LqORMA0","false","Customer Relationship Duration","42792182272734299"
"a3GDm000000TSMTMA4","","PEMR-00054","2023-02-24T16:04:45.000Z","005Dm000000nnayIAA","2023-02-24T16:04:45.000Z","005Dm000000nnayIAA","","","","a3HDm000000LqORMA0","false","Historical Payment Performance","42461971030812883"
"a3GDm000000TSMUMA4","","PEMR-00055","2023-02-24T16:04:45.000Z","005Dm000000nnayIAA","2023-02-24T16:04:45.000Z","005Dm000000nnayIAA","","","","a3HDm000000LqORMA0","false","Low Collateral LTV","42042991020002914"
"a3GDm000000TSMVMA4","","PEMR-00056","2023-02-24T16:04:45.000Z","005Dm000000nnayIAA","2023-02-24T16:04:45.000Z","005Dm000000nnayIAA","","","","a3HDm000000LqORMA0","false","Relationship Deposit Balances","42674728260501669"
"a3GDm000000TSMWMA4","","PEMR-00057","2023-02-24T16:04:45.000Z","005Dm000000nnayIAA","2023-02-24T16:04:45.000Z","005Dm000000nnayIAA","","","","a3HDm000000LqORMA0","false","Company Financial Strength","42726249759213421"
"a3GDm000000TSMXMA4","","PEMR-00058","2023-02-24T16:04:45.000Z","005Dm000000nnayIAA","2023-02-24T16:04:45.000Z","005Dm000000nnayIAA","","","","a3HDm000000LqORMA0","false","Strong DSC/DTI","42902048371276834"
"a3GDm000000TSMYMA4","","PEMR-00059","2023-02-24T16:04:45.000Z","005Dm000000nnayIAA","2023-02-24T16:04:45.000Z","005Dm000000nnayIAA","","","","a3HDm000000LqORMA0","false","Guarantor Support/Liquidity","42857296473304164"
"a3GDm000000TSMZMA4","","PEMR-00060","2023-02-24T16:04:45.000Z","005Dm000000nnayIAA","2023-02-24T16:04:45.000Z","005Dm000000nnayIAA","","","","a3HDm000000LqOSMA0","false","Borrower Deposit Balances with the Bank","42870388659122801"
"a3GDm000000TSMaMAO","","PEMR-00061","2023-02-24T16:04:45.000Z","005Dm000000nnayIAA","2023-02-24T16:04:45.000Z","005Dm000000nnayIAA","","","","a3HDm000000LqOSMA0","false","Customer Relationship Duration","42407376390741065"
"a3GDm000000TSMbMAO","","PEMR-00062","2023-02-24T16:04:45.000Z","005Dm000000nnayIAA","2023-02-24T16:04:45.000Z","005Dm000000nnayIAA","","","","a3HDm000000LqOSMA0","false","Historical Payment Performance","42915659829606050"
"a3GDm000000TSMcMAO","","PEMR-00063","2023-02-24T16:04:45.000Z","005Dm000000nnayIAA","2023-02-24T16:04:45.000Z","005Dm000000nnayIAA","","","","a3HDm000000LqOSMA0","false","Low Collateral LTV","42731085082165997"
"a3GDm000000TSMdMAO","","PEMR-00064","2023-02-24T16:04:45.000Z","005Dm000000nnayIAA","2023-02-24T16:04:45.000Z","005Dm000000nnayIAA","","","","a3HDm000000LqOSMA0","false","Relationship Deposit Balances","42197347667898819"
"a3GDm000000TSMeMAO","","PEMR-00065","2023-02-24T16:04:45.000Z","005Dm000000nnayIAA","2023-02-24T16:04:45.000Z","005Dm000000nnayIAA","","","","a3HDm000000LqOSMA0","false","Company Financial Strength","42397150082787488"
"a3GDm000000TSMfMAO","","PEMR-00066","2023-02-24T16:04:45.000Z","005Dm000000nnayIAA","2023-02-24T16:04:45.000Z","005Dm000000nnayIAA","","","","a3HDm000000LqOSMA0","false","Strong DSC/DTI","42630122949159968"
"a3GDm000000TSMgMAO","","PEMR-00067","2023-02-24T16:04:45.000Z","005Dm000000nnayIAA","2023-02-24T16:04:45.000Z","005Dm000000nnayIAA","","","","a3HDm000000LqOSMA0","false","Guarantor Support/Liquidity","42010614108517408"
"a3GDm000000TSMhMAO","","PEMR-00071","2023-02-24T16:04:45.000Z","005Dm000000nnayIAA","2023-02-24T16:04:45.000Z","005Dm000000nnayIAA","","","","a3HDm000000LqOTMA0","false","Low Collateral LTV","42557783149313348"
"a3GDm000000TSMiMAO","","PEMR-00068","2023-02-24T16:04:45.000Z","005Dm000000nnayIAA","2023-02-24T16:04:45.000Z","005Dm000000nnayIAA","","","","a3HDm000000LqOTMA0","false","Borrower Deposit Balances with the Bank","42802282459776929"
"a3GDm000000TSMjMAO","","PEMR-00069","2023-02-24T16:04:45.000Z","005Dm000000nnayIAA","2023-02-24T16:04:45.000Z","005Dm000000nnayIAA","","","","a3HDm000000LqOTMA0","false","Customer Relationship Duration","42387959058094429"
"a3GDm000000TSMkMAO","","PEMR-00070","2023-02-24T16:04:45.000Z","005Dm000000nnayIAA","2023-02-24T16:04:45.000Z","005Dm000000nnayIAA","","","","a3HDm000000LqOTMA0","false","Historical Payment Performance","42256988369418933"
"a3GDm000000TSMlMAO","","PEMR-00072","2023-02-24T16:04:45.000Z","005Dm000000nnayIAA","2023-02-24T16:04:45.000Z","005Dm000000nnayIAA","","","","a3HDm000000LqOTMA0","false","Relationship Deposit Balances","42591995147438801"
"a3GDm000000TSMmMAO","","PEMR-00073","2023-02-24T16:04:45.000Z","005Dm000000nnayIAA","2023-02-24T16:04:45.000Z","005Dm000000nnayIAA","","","","a3HDm000000LqOTMA0","false","Company Financial Strength","42499998527712105"
"a3GDm000000TSMnMAO","","PEMR-00074","2023-02-24T16:04:45.000Z","005Dm000000nnayIAA","2023-02-24T16:04:45.000Z","005Dm000000nnayIAA","","","","a3HDm000000LqOTMA0","false","Strong DSC/DTI","42934830347904830"
"a3GDm000000TSMoMAO","","PEMR-00075","2023-02-24T16:04:45.000Z","005Dm000000nnayIAA","2023-02-24T16:04:45.000Z","005Dm000000nnayIAA","","","","a3HDm000000LqOTMA0","false","Guarantor Support/Liquidity","42438116025844927"
"a3GDm000000TSMpMAO","","PEMR-00076","2023-02-24T16:04:45.000Z","005Dm000000nnayIAA","2023-02-24T16:04:45.000Z","005Dm000000nnayIAA","","","","a3HDm000000LqOUMA0","false","Borrower Deposit Balances with the Bank","42114086213649368"
"a3GDm000000TSMqMAO","","PEMR-00077","2023-02-24T16:04:45.000Z","005Dm000000nnayIAA","2023-02-24T16:04:45.000Z","005Dm000000nnayIAA","","","","a3HDm000000LqOUMA0","false","Customer Relationship Duration","42735561581851324"
"a3GDm000000TSMrMAO","","PEMR-00078","2023-02-24T16:04:45.000Z","005Dm000000nnayIAA","2023-02-24T16:04:45.000Z","005Dm000000nnayIAA","","","","a3HDm000000LqOUMA0","false","Historical Payment Performance","42794092313396959"
"a3GDm000000TSMsMAO","","PEMR-00079","2023-02-24T16:04:45.000Z","005Dm000000nnayIAA","2023-02-24T16:04:45.000Z","005Dm000000nnayIAA","","","","a3HDm000000LqOUMA0","false","Low Collateral LTV","42171445075644109"
"a3GDm000000TSMtMAO","","PEMR-00080","2023-02-24T16:04:45.000Z","005Dm000000nnayIAA","2023-02-24T16:04:45.000Z","005Dm000000nnayIAA","","","","a3HDm000000LqOUMA0","false","Relationship Deposit Balances","42568408180775166"
"a3GDm000000TSMuMAO","","PEMR-00081","2023-02-24T16:04:45.000Z","005Dm000000nnayIAA","2023-02-24T16:04:45.000Z","005Dm000000nnayIAA","","","","a3HDm000000LqOUMA0","false","Company Financial Strength","42940220852223595"
"a3GDm000000TSMvMAO","","PEMR-00082","2023-02-24T16:04:45.000Z","005Dm000000nnayIAA","2023-02-24T16:04:45.000Z","005Dm000000nnayIAA","","","","a3HDm000000LqOUMA0","false","Strong DSC/DTI","42444056200251821"
"a3GDm000000TSMwMAO","","PEMR-00083","2023-02-24T16:04:45.000Z","005Dm000000nnayIAA","2023-02-24T16:04:45.000Z","005Dm000000nnayIAA","","","","a3HDm000000LqOUMA0","false","Guarantor Support/Liquidity","42942813129174222"
"a3GDm000000TSMxMAO","","PEMR-00084","2023-02-24T16:04:45.000Z","005Dm000000nnayIAA","2023-02-24T16:04:45.000Z","005Dm000000nnayIAA","","","","a3HDm000000LqOVMA0","false","Borrower Deposit Balances with the Bank","42798092273766452"
"a3GDm000000TSMyMAO","","PEMR-00085","2023-02-24T16:04:45.000Z","005Dm000000nnayIAA","2023-02-24T16:04:45.000Z","005Dm000000nnayIAA","","","","a3HDm000000LqOVMA0","false","Customer Relationship Duration","42326721167300760"
"a3GDm000000TSMzMAO","","PEMR-00086","2023-02-24T16:04:45.000Z","005Dm000000nnayIAA","2023-02-24T16:04:45.000Z","005Dm000000nnayIAA","","","","a3HDm000000LqOVMA0","false","Historical Payment Performance","42083992659199124"
"a3GDm000000TSN0MAO","","PEMR-00087","2023-02-24T16:04:45.000Z","005Dm000000nnayIAA","2023-02-24T16:04:45.000Z","005Dm000000nnayIAA","","","","a3HDm000000LqOVMA0","false","Low Collateral LTV","42255190713749321"
"a3GDm000000TSN1MAO","","PEMR-00088","2023-02-24T16:04:45.000Z","005Dm000000nnayIAA","2023-02-24T16:04:45.000Z","005Dm000000nnayIAA","","","","a3HDm000000LqOVMA0","false","Relationship Deposit Balances","42718553032250539"
"a3GDm000000TSN2MAO","","PEMR-00089","2023-02-24T16:04:45.000Z","005Dm000000nnayIAA","2023-02-24T16:04:45.000Z","005Dm000000nnayIAA","","","","a3HDm000000LqOVMA0","false","Company Financial Strength","42209684632779925"
"a3GDm000000TSN3MAO","","PEMR-00090","2023-02-24T16:04:45.000Z","005Dm000000nnayIAA","2023-02-24T16:04:45.000Z","005Dm000000nnayIAA","","","","a3HDm000000LqOVMA0","false","Strong DSC/DTI","42429806684861271"
"a3GDm000000TSN4MAO","","PEMR-00091","2023-02-24T16:04:45.000Z","005Dm000000nnayIAA","2023-02-24T16:04:45.000Z","005Dm000000nnayIAA","","","","a3HDm000000LqOVMA0","false","Guarantor Support/Liquidity","42877676876896773"
"a3GDm000000TSN5MAO","","PEMR-00092","2023-02-24T16:04:45.000Z","005Dm000000nnayIAA","2023-02-24T16:04:45.000Z","005Dm000000nnayIAA","","","","a3HDm000000LqOWMA0","false","Borrower Deposit Balances with the Bank","42210258108578808"
"a3GDm000000TSN6MAO","","PEMR-00093","2023-02-24T16:04:45.000Z","005Dm000000nnayIAA","2023-02-24T16:04:45.000Z","005Dm000000nnayIAA","","","","a3HDm000000LqOWMA0","false","Customer Relationship Duration","42674425443757967"
"a3GDm000000TSN7MAO","","PEMR-00094","2023-02-24T16:04:45.000Z","005Dm000000nnayIAA","2023-02-24T16:04:45.000Z","005Dm000000nnayIAA","","","","a3HDm000000LqOWMA0","false","Historical Payment Performance","42043001304960641"
"a3GDm000000TSN8MAO","","PEMR-00095","2023-02-24T16:04:45.000Z","005Dm000000nnayIAA","2023-02-24T16:04:45.000Z","005Dm000000nnayIAA","","","","a3HDm000000LqOWMA0","false","Low Collateral LTV","42974683198738921"
"a3GDm000000TSN9MAO","","PEMR-00096","2023-02-24T16:04:45.000Z","005Dm000000nnayIAA","2023-02-24T16:04:45.000Z","005Dm000000nnayIAA","","","","a3HDm000000LqOWMA0","false","Relationship Deposit Balances","42134616849844786"
"a3GDm000000TSNAMA4","","PEMR-00097","2023-02-24T16:04:45.000Z","005Dm000000nnayIAA","2023-02-24T16:04:45.000Z","005Dm000000nnayIAA","","","","a3HDm000000LqOWMA0","false","Company Financial Strength","42450539593348568"
"a3GDm000000TSNBMA4","","PEMR-00098","2023-02-24T16:04:45.000Z","005Dm000000nnayIAA","2023-02-24T16:04:45.000Z","005Dm000000nnayIAA","","","","a3HDm000000LqOWMA0","false","Strong DSC/DTI","42958083059728180"
"a3GDm000000TSNCMA4","","PEMR-00099","2023-02-24T16:04:45.000Z","005Dm000000nnayIAA","2023-02-24T16:04:45.000Z","005Dm000000nnayIAA","","","","a3HDm000000LqOWMA0","false","Guarantor Support/Liquidity","42232755460207787"
"a3GDm000000TSNDMA4","","PEMR-00100","2023-02-24T16:04:45.000Z","005Dm000000nnayIAA","2023-02-24T16:04:45.000Z","005Dm000000nnayIAA","","","","a3HDm000000LqOXMA0","false","Borrower Deposit Balances with the Bank","42121247839437411"
"a3GDm000000TSNEMA4","","PEMR-00101","2023-02-24T16:04:45.000Z","005Dm000000nnayIAA","2023-02-24T16:04:45.000Z","005Dm000000nnayIAA","","","","a3HDm000000LqOXMA0","false","Customer Relationship Duration","42652193069164487"
"a3GDm000000TSNFMA4","","PEMR-00102","2023-02-24T16:04:45.000Z","005Dm000000nnayIAA","2023-02-24T16:04:45.000Z","005Dm000000nnayIAA","","","","a3HDm000000LqOXMA0","false","Historical Payment Performance","42043434669258149"
"a3GDm000000TSNGMA4","","PEMR-00103","2023-02-24T16:04:45.000Z","005Dm000000nnayIAA","2023-02-24T16:04:45.000Z","005Dm000000nnayIAA","","","","a3HDm000000LqOXMA0","false","Low Collateral LTV","42431220788917230"
"a3GDm000000TSNHMA4","","PEMR-00104","2023-02-24T16:04:45.000Z","005Dm000000nnayIAA","2023-02-24T16:04:45.000Z","005Dm000000nnayIAA","","","","a3HDm000000LqOXMA0","false","Relationship Deposit Balances","42189252999893643"
"a3GDm000000TSNIMA4","","PEMR-00105","2023-02-24T16:04:45.000Z","005Dm000000nnayIAA","2023-02-24T16:04:45.000Z","005Dm000000nnayIAA","","","","a3HDm000000LqOXMA0","false","Company Financial Strength","42226222587217759"
"a3GDm000000TSNJMA4","","PEMR-00106","2023-02-24T16:04:45.000Z","005Dm000000nnayIAA","2023-02-24T16:04:45.000Z","005Dm000000nnayIAA","","","","a3HDm000000LqOXMA0","false","Strong DSC/DTI","42291845782947457"
"a3GDm000000TSNKMA4","","PEMR-00107","2023-02-24T16:04:45.000Z","005Dm000000nnayIAA","2023-02-24T16:04:45.000Z","005Dm000000nnayIAA","","","","a3HDm000000LqOXMA0","false","Guarantor Support/Liquidity","42314754085776906"
"a3GDm000000TSNLMA4","","PEMR-00108","2023-02-24T16:04:45.000Z","005Dm000000nnayIAA","2023-02-24T16:04:45.000Z","005Dm000000nnayIAA","","","","a3HDm000000LqOYMA0","false","Borrower Deposit Balances with the Bank","42528393396308988"
"a3GDm000000TSNMMA4","","PEMR-00109","2023-02-24T16:04:45.000Z","005Dm000000nnayIAA","2023-02-24T16:04:45.000Z","005Dm000000nnayIAA","","","","a3HDm000000LqOYMA0","false","Customer Relationship Duration","42264745335217890"
"a3GDm000000TSNNMA4","","PEMR-00110","2023-02-24T16:04:45.000Z","005Dm000000nnayIAA","2023-02-24T16:04:45.000Z","005Dm000000nnayIAA","","","","a3HDm000000LqOYMA0","false","Historical Payment Performance","42818130969820508"
"a3GDm000000TSNOMA4","","PEMR-00111","2023-02-24T16:04:45.000Z","005Dm000000nnayIAA","2023-02-24T16:04:45.000Z","005Dm000000nnayIAA","","","","a3HDm000000LqOYMA0","false","Low Collateral LTV","42820263252444847"
"a3GDm000000TSNPMA4","","PEMR-00112","2023-02-24T16:04:45.000Z","005Dm000000nnayIAA","2023-02-24T16:04:45.000Z","005Dm000000nnayIAA","","","","a3HDm000000LqOYMA0","false","Relationship Deposit Balances","42721412605379868"
"a3GDm000000TSNQMA4","","PEMR-00113","2023-02-24T16:04:45.000Z","005Dm000000nnayIAA","2023-02-24T16:04:45.000Z","005Dm000000nnayIAA","","","","a3HDm000000LqOYMA0","false","Company Financial Strength","4279689958974368"
"a3GDm000000TSNRMA4","","PEMR-00114","2023-02-24T16:04:45.000Z","005Dm000000nnayIAA","2023-02-24T16:04:45.000Z","005Dm000000nnayIAA","","","","a3HDm000000LqOYMA0","false","Strong DSC/DTI","42958873174128534"
"a3GDm000000TSNSMA4","","PEMR-00115","2023-02-24T16:04:45.000Z","005Dm000000nnayIAA","2023-02-24T16:04:45.000Z","005Dm000000nnayIAA","","","","a3HDm000000LqOYMA0","false","Guarantor Support/Liquidity","42254721854824171"
"a3GDm000000TSNTMA4","","PEMR-00116","2023-02-24T16:04:45.000Z","005Dm000000nnayIAA","2023-02-24T16:04:45.000Z","005Dm000000nnayIAA","","","","a3HDm000000LqOZMA0","false","Borrower Deposit Balances with the Bank","42105186636348735"
"a3GDm000000TSNUMA4","","PEMR-00117","2023-02-24T16:04:45.000Z","005Dm000000nnayIAA","2023-02-24T16:04:45.000Z","005Dm000000nnayIAA","","","","a3HDm000000LqOZMA0","false","Customer Relationship Duration","42190926655076654"
"a3GDm000000TSNVMA4","","PEMR-00118","2023-02-24T16:04:45.000Z","005Dm000000nnayIAA","2023-02-24T16:04:45.000Z","005Dm000000nnayIAA","","","","a3HDm000000LqOZMA0","false","Historical Payment Performance","42258125909861277"
"a3GDm000000TSNWMA4","","PEMR-00119","2023-02-24T16:04:45.000Z","005Dm000000nnayIAA","2023-02-24T16:04:45.000Z","005Dm000000nnayIAA","","","","a3HDm000000LqOZMA0","false","Low Collateral LTV","42128996920985248"
"a3GDm000000TSNXMA4","","PEMR-00120","2023-02-24T16:04:45.000Z","005Dm000000nnayIAA","2023-02-24T16:04:45.000Z","005Dm000000nnayIAA","","","","a3HDm000000LqOZMA0","false","Relationship Deposit Balances","42359532124987365"
"a3GDm000000TSNYMA4","","PEMR-00121","2023-02-24T16:04:45.000Z","005Dm000000nnayIAA","2023-02-24T16:04:45.000Z","005Dm000000nnayIAA","","","","a3HDm000000LqOZMA0","false","Company Financial Strength","42722475909028672"
"a3GDm000000TSNZMA4","","PEMR-00122","2023-02-24T16:04:45.000Z","005Dm000000nnayIAA","2023-02-24T16:04:45.000Z","005Dm000000nnayIAA","","","","a3HDm000000LqOZMA0","false","Strong DSC/DTI","42837522070545549"
"a3GDm000000TSNaMAO","","PEMR-00123","2023-02-24T16:04:45.000Z","005Dm000000nnayIAA","2023-02-24T16:04:45.000Z","005Dm000000nnayIAA","","","","a3HDm000000LqOZMA0","false","Guarantor Support/Liquidity","42273532453570801"
"a3GDm000000TSNbMAO","","PEMR-00124","2023-02-24T16:04:45.000Z","005Dm000000nnayIAA","2023-02-24T16:04:45.000Z","005Dm000000nnayIAA","","","","a3HDm000000LqOaMAK","false","Borrower Deposit Balances with the Bank","42486515515875062"
"a3GDm000000TSNcMAO","","PEMR-00125","2023-02-24T16:04:45.000Z","005Dm000000nnayIAA","2023-02-24T16:04:45.000Z","005Dm000000nnayIAA","","","","a3HDm000000LqOaMAK","false","Customer Relationship Duration","42079017464297345"
"a3GDm000000TSNdMAO","","PEMR-00126","2023-02-24T16:04:45.000Z","005Dm000000nnayIAA","2023-02-24T16:04:45.000Z","005Dm000000nnayIAA","","","","a3HDm000000LqOaMAK","false","Historical Payment Performance","42097298513804728"
"a3GDm000000TSNeMAO","","PEMR-00127","2023-02-24T16:04:45.000Z","005Dm000000nnayIAA","2023-02-24T16:04:45.000Z","005Dm000000nnayIAA","","","","a3HDm000000LqOaMAK","false","Low Collateral LTV","42120686687453890"
"a3GDm000000TSNfMAO","","PEMR-00128","2023-02-24T16:04:45.000Z","005Dm000000nnayIAA","2023-02-24T16:04:45.000Z","005Dm000000nnayIAA","","","","a3HDm000000LqOaMAK","false","Relationship Deposit Balances","42675999953125705"
"a3GDm000000TSNgMAO","","PEMR-00129","2023-02-24T16:04:45.000Z","005Dm000000nnayIAA","2023-02-24T16:04:45.000Z","005Dm000000nnayIAA","","","","a3HDm000000LqOaMAK","false","Company Financial Strength","42689589422786982"
"a3GDm000000TSNhMAO","","PEMR-00130","2023-02-24T16:04:45.000Z","005Dm000000nnayIAA","2023-02-24T16:04:45.000Z","005Dm000000nnayIAA","","","","a3HDm000000LqOaMAK","false","Strong DSC/DTI","42711881516592174"
"a3GDm000000TSNiMAO","","PEMR-00131","2023-02-24T16:04:45.000Z","005Dm000000nnayIAA","2023-02-24T16:04:45.000Z","005Dm000000nnayIAA","","","","a3HDm000000LqOaMAK","false","Guarantor Support/Liquidity","42483608066837466"
"a3GDm000000TSNjMAO","","PEMR-00132","2023-02-24T16:04:45.000Z","005Dm000000nnayIAA","2023-02-24T16:04:45.000Z","005Dm000000nnayIAA","","","","a3HDm000000LqObMAK","false","Borrower Deposit Balances with the Bank","42583805898518955"
"a3GDm000000TSNkMAO","","PEMR-00134","2023-02-24T16:04:45.000Z","005Dm000000nnayIAA","2023-02-24T16:04:45.000Z","005Dm000000nnayIAA","","","","a3HDm000000LqObMAK","false","Historical Payment Performance","42826732170611649"
"a3GDm000000TSNlMAO","","PEMR-00133","2023-02-24T16:04:45.000Z","005Dm000000nnayIAA","2023-02-24T16:04:45.000Z","005Dm000000nnayIAA","","","","a3HDm000000LqObMAK","false","Customer Relationship Duration","42989131897160633"
"a3GDm000000TSNmMAO","","PEMR-00135","2023-02-24T16:04:45.000Z","005Dm000000nnayIAA","2023-02-24T16:04:45.000Z","005Dm000000nnayIAA","","","","a3HDm000000LqObMAK","false","Low Collateral LTV","42105333062548761"
"a3GDm000000TSNnMAO","","PEMR-00136","2023-02-24T16:04:45.000Z","005Dm000000nnayIAA","2023-02-24T16:04:45.000Z","005Dm000000nnayIAA","","","","a3HDm000000LqObMAK","false","Relationship Deposit Balances","42965465835416003"
"a3GDm000000TSNoMAO","","PEMR-00137","2023-02-24T16:04:45.000Z","005Dm000000nnayIAA","2023-02-24T16:04:45.000Z","005Dm000000nnayIAA","","","","a3HDm000000LqObMAK","false","Company Financial Strength","42973231178468618"
"a3GDm000000TSNpMAO","","PEMR-00138","2023-02-24T16:04:45.000Z","005Dm000000nnayIAA","2023-02-24T16:04:45.000Z","005Dm000000nnayIAA","","","","a3HDm000000LqObMAK","false","Strong DSC/DTI","42947353382466657"
"a3GDm000000TSNqMAO","","PEMR-00139","2023-02-24T16:04:45.000Z","005Dm000000nnayIAA","2023-02-24T16:04:45.000Z","005Dm000000nnayIAA","","","","a3HDm000000LqObMAK","false","Guarantor Support/Liquidity","42201856940198053"
"a3GDm000000TSNrMAO","","PEMR-00140","2023-02-24T16:04:45.000Z","005Dm000000nnayIAA","2023-02-24T16:04:45.000Z","005Dm000000nnayIAA","","","","a3HDm000000LqOcMAK","false","Borrower Deposit Balances with the Bank","42038739311876409"
"a3GDm000000TSNsMAO","","PEMR-00141","2023-02-24T16:04:45.000Z","005Dm000000nnayIAA","2023-02-24T16:04:45.000Z","005Dm000000nnayIAA","","","","a3HDm000000LqOcMAK","false","Customer Relationship Duration","42984896799496136"
"a3GDm000000TSNtMAO","","PEMR-00142","2023-02-24T16:04:45.000Z","005Dm000000nnayIAA","2023-02-24T16:04:45.000Z","005Dm000000nnayIAA","","","","a3HDm000000LqOcMAK","false","Historical Payment Performance","42071267240058476"
"a3GDm000000TSNuMAO","","PEMR-00143","2023-02-24T16:04:45.000Z","005Dm000000nnayIAA","2023-02-24T16:04:45.000Z","005Dm000000nnayIAA","","","","a3HDm000000LqOcMAK","false","Low Collateral LTV","42303762218064079"
"a3GDm000000TSNvMAO","","PEMR-00144","2023-02-24T16:04:45.000Z","005Dm000000nnayIAA","2023-02-24T16:04:45.000Z","005Dm000000nnayIAA","","","","a3HDm000000LqOcMAK","false","Relationship Deposit Balances","42728977459528142"
"a3GDm000000TSNwMAO","","PEMR-00145","2023-02-24T16:04:45.000Z","005Dm000000nnayIAA","2023-02-24T16:04:45.000Z","005Dm000000nnayIAA","","","","a3HDm000000LqOcMAK","false","Company Financial Strength","42321693386003914"
"a3GDm000000TSNxMAO","","PEMR-00146","2023-02-24T16:04:45.000Z","005Dm000000nnayIAA","2023-02-24T16:04:45.000Z","005Dm000000nnayIAA","","","","a3HDm000000LqOcMAK","false","Strong DSC/DTI","42161125457888110"
"a3GDm000000TSNyMAO","","PEMR-00147","2023-02-24T16:04:45.000Z","005Dm000000nnayIAA","2023-02-24T16:04:45.000Z","005Dm000000nnayIAA","","","","a3HDm000000LqOcMAK","false","Guarantor Support/Liquidity","42793344563800259"
"a3GDm000000TSNzMAO","","PEMR-00148","2023-02-24T16:04:45.000Z","005Dm000000nnayIAA","2023-02-24T16:04:45.000Z","005Dm000000nnayIAA","","","","a3HDm000000LqOdMAK","false","Borrower Deposit Balances with the Bank","42571754323698885"
"a3GDm000000TSO0MAO","","PEMR-00149","2023-02-24T16:04:45.000Z","005Dm000000nnayIAA","2023-02-24T16:04:45.000Z","005Dm000000nnayIAA","","","","a3HDm000000LqOdMAK","false","Customer Relationship Duration","42991959485158114"
"a3GDm000000TSO1MAO","","PEMR-00150","2023-02-24T16:04:45.000Z","005Dm000000nnayIAA","2023-02-24T16:04:45.000Z","005Dm000000nnayIAA","","","","a3HDm000000LqOdMAK","false","Historical Payment Performance","42406005781111385"
"a3GDm000000TSO2MAO","","PEMR-00151","2023-02-24T16:04:45.000Z","005Dm000000nnayIAA","2023-02-24T16:04:45.000Z","005Dm000000nnayIAA","","","","a3HDm000000LqOdMAK","false","Low Collateral LTV","42913802888939306"
"a3GDm000000TSO3MAO","","PEMR-00152","2023-02-24T16:04:45.000Z","005Dm000000nnayIAA","2023-02-24T16:04:45.000Z","005Dm000000nnayIAA","","","","a3HDm000000LqOdMAK","false","Relationship Deposit Balances","42142333918657005"
"a3GDm000000TSO4MAO","","PEMR-00153","2023-02-24T16:04:45.000Z","005Dm000000nnayIAA","2023-02-24T16:04:45.000Z","005Dm000000nnayIAA","","","","a3HDm000000LqOdMAK","false","Company Financial Strength","42682160756634217"
"a3GDm000000TSO5MAO","","PEMR-00154","2023-02-24T16:04:45.000Z","005Dm000000nnayIAA","2023-02-24T16:04:45.000Z","005Dm000000nnayIAA","","","","a3HDm000000LqOdMAK","false","Strong DSC/DTI","42154699978142877"
"a3GDm000000TSO6MAO","","PEMR-00155","2023-02-24T16:04:45.000Z","005Dm000000nnayIAA","2023-02-24T16:04:45.000Z","005Dm000000nnayIAA","","","","a3HDm000000LqOdMAK","false","Guarantor Support/Liquidity","42419280656597734"
"a3GDm000000TSO7MAO","","PEMR-00156","2023-02-24T16:04:45.000Z","005Dm000000nnayIAA","2023-02-24T16:04:45.000Z","005Dm000000nnayIAA","","","","a3HDm000000LqOKMA0","false","Borrower Deposit Balances with the Bank","42353107830824484"
"a3GDm000000TSO8MAO","","PEMR-00157","2023-02-24T16:04:45.000Z","005Dm000000nnayIAA","2023-02-24T16:04:45.000Z","005Dm000000nnayIAA","","","","a3HDm000000LqOKMA0","false","Customer Relationship Duration","42865536369247187"
"a3GDm000000TSO9MAO","","PEMR-00158","2023-02-24T16:04:45.000Z","005Dm000000nnayIAA","2023-02-24T16:04:45.000Z","005Dm000000nnayIAA","","","","a3HDm000000LqOKMA0","false","Historical Payment Performance","42396247831092159"
"a3GDm000000TSOAMA4","","PEMR-00159","2023-02-24T16:04:45.000Z","005Dm000000nnayIAA","2023-02-24T16:04:45.000Z","005Dm000000nnayIAA","","","","a3HDm000000LqOKMA0","false","Low Collateral LTV","42635442000062869"
"a3GDm000000TSOBMA4","","PEMR-00160","2023-02-24T16:04:45.000Z","005Dm000000nnayIAA","2023-02-24T16:04:45.000Z","005Dm000000nnayIAA","","","","a3HDm000000LqOKMA0","false","Relationship Deposit Balances","42826431273510036"
"a3GDm000000TSOCMA4","","PEMR-00161","2023-02-24T16:04:45.000Z","005Dm000000nnayIAA","2023-02-24T16:04:45.000Z","005Dm000000nnayIAA","","","","a3HDm000000LqOKMA0","false","Company Financial Strength","4284760192020883"
"a3GDm000000TSODMA4","","PEMR-00162","2023-02-24T16:04:45.000Z","005Dm000000nnayIAA","2023-02-24T16:04:45.000Z","005Dm000000nnayIAA","","","","a3HDm000000LqOKMA0","false","Strong DSC/DTI","42962430290881779"
"a3GDm000000TSOEMA4","","PEMR-00163","2023-02-24T16:04:45.000Z","005Dm000000nnayIAA","2023-02-24T16:04:45.000Z","005Dm000000nnayIAA","","","","a3HDm000000LqOKMA0","false","Guarantor Support/Liquidity","42541086788188856"
"a3GDm000000TSOFMA4","","PEMR-00164","2023-02-24T16:04:45.000Z","005Dm000000nnayIAA","2023-02-24T16:04:45.000Z","005Dm000000nnayIAA","","","","a3HDm000000LqOeMAK","false","Borrower Deposit Balances with the Bank","42336418237513402"
"a3GDm000000TSOGMA4","","PEMR-00165","2023-02-24T16:04:45.000Z","005Dm000000nnayIAA","2023-02-24T16:04:45.000Z","005Dm000000nnayIAA","","","","a3HDm000000LqOeMAK","false","Customer Relationship Duration","42588016497656221"
"a3GDm000000TSOHMA4","","PEMR-00166","2023-02-24T16:04:45.000Z","005Dm000000nnayIAA","2023-02-24T16:04:45.000Z","005Dm000000nnayIAA","","","","a3HDm000000LqOeMAK","false","Historical Payment Performance","42741192537293877"
"a3GDm000000TSOIMA4","","PEMR-00167","2023-02-24T16:04:45.000Z","005Dm000000nnayIAA","2023-02-24T16:04:45.000Z","005Dm000000nnayIAA","","","","a3HDm000000LqOeMAK","false","Low Collateral LTV","42978379304787059"
"a3GDm000000TSOJMA4","","PEMR-00168","2023-02-24T16:04:45.000Z","005Dm000000nnayIAA","2023-02-24T16:04:45.000Z","005Dm000000nnayIAA","","","","a3HDm000000LqOeMAK","false","Relationship Deposit Balances","42005639760244781"
"a3GDm000000TSOKMA4","","PEMR-00169","2023-02-24T16:04:45.000Z","005Dm000000nnayIAA","2023-02-24T16:04:45.000Z","005Dm000000nnayIAA","","","","a3HDm000000LqOeMAK","false","Company Financial Strength","42338517599243032"
"a3GDm000000TSOLMA4","","PEMR-00170","2023-02-24T16:04:45.000Z","005Dm000000nnayIAA","2023-02-24T16:04:45.000Z","005Dm000000nnayIAA","","","","a3HDm000000LqOeMAK","false","Strong DSC/DTI","42710476051542294"
"a3GDm000000TSOMMA4","","PEMR-00171","2023-02-24T16:04:45.000Z","005Dm000000nnayIAA","2023-02-24T16:04:45.000Z","005Dm000000nnayIAA","","","","a3HDm000000LqOeMAK","false","Guarantor Support/Liquidity","42252585003313412"
"a3GDm000000TSONMA4","","PEMR-00172","2023-02-24T16:04:45.000Z","005Dm000000nnayIAA","2023-02-24T16:04:45.000Z","005Dm000000nnayIAA","","","","a3HDm000000LqOfMAK","false","Borrower Deposit Balances with the Bank","42541301116612531"
"a3GDm000000TSOOMA4","","PEMR-00173","2023-02-24T16:04:45.000Z","005Dm000000nnayIAA","2023-02-24T16:04:45.000Z","005Dm000000nnayIAA","","","","a3HDm000000LqOfMAK","false","Customer Relationship Duration","42493072236984258"
"a3GDm000000TSOPMA4","","PEMR-00174","2023-02-24T16:04:45.000Z","005Dm000000nnayIAA","2023-02-24T16:04:45.000Z","005Dm000000nnayIAA","","","","a3HDm000000LqOfMAK","false","Historical Payment Performance","42528695943711614"
"a3GDm000000TSOQMA4","","PEMR-00175","2023-02-24T16:04:45.000Z","005Dm000000nnayIAA","2023-02-24T16:04:45.000Z","005Dm000000nnayIAA","","","","a3HDm000000LqOfMAK","false","Low Collateral LTV","42191780717775712"
"a3GDm000000TSORMA4","","PEMR-00176","2023-02-24T16:04:45.000Z","005Dm000000nnayIAA","2023-02-24T16:04:45.000Z","005Dm000000nnayIAA","","","","a3HDm000000LqOfMAK","false","Relationship Deposit Balances","42300357792159422"
"a3GDm000000TSOSMA4","","PEMR-00177","2023-02-24T16:04:45.000Z","005Dm000000nnayIAA","2023-02-24T16:04:45.000Z","005Dm000000nnayIAA","","","","a3HDm000000LqOfMAK","false","Company Financial Strength","42559088592019486"
"a3GDm000000TSOTMA4","","PEMR-00178","2023-02-24T16:04:45.000Z","005Dm000000nnayIAA","2023-02-24T16:04:45.000Z","005Dm000000nnayIAA","","","","a3HDm000000LqOfMAK","false","Strong DSC/DTI","42751108138235255"
"a3GDm000000TSOUMA4","","PEMR-00179","2023-02-24T16:04:45.000Z","005Dm000000nnayIAA","2023-02-24T16:04:45.000Z","005Dm000000nnayIAA","","","","a3HDm000000LqOfMAK","false","Guarantor Support/Liquidity","42202823595239258"
"a3GDm000000TSOVMA4","","PEMR-00180","2023-02-24T16:04:45.000Z","005Dm000000nnayIAA","2023-02-24T16:04:45.000Z","005Dm000000nnayIAA","","","","a3HDm000000LqOJMA0","false","Borrower Deposit Balances with the Bank","42384161738907173"
"a3GDm000000TSOWMA4","","PEMR-00181","2023-02-24T16:04:45.000Z","005Dm000000nnayIAA","2023-02-24T16:04:45.000Z","005Dm000000nnayIAA","","","","a3HDm000000LqOJMA0","false","Customer Relationship Duration","42827477290696791"
"a3GDm000000TSOXMA4","","PEMR-00182","2023-02-24T16:04:45.000Z","005Dm000000nnayIAA","2023-02-24T16:04:45.000Z","005Dm000000nnayIAA","","","","a3HDm000000LqOJMA0","false","Historical Payment Performance","42480568461734440"
"a3GDm000000TSOYMA4","","PEMR-00183","2023-02-24T16:04:45.000Z","005Dm000000nnayIAA","2023-02-24T16:04:45.000Z","005Dm000000nnayIAA","","","","a3HDm000000LqOJMA0","false","Low Collateral LTV","42981934429221558"
"a3GDm000000TSOZMA4","","PEMR-00184","2023-02-24T16:04:45.000Z","005Dm000000nnayIAA","2023-02-24T16:04:45.000Z","005Dm000000nnayIAA","","","","a3HDm000000LqOJMA0","false","Relationship Deposit Balances","42280613167053677"
"a3GDm000000TSOaMAO","","PEMR-00185","2023-02-24T16:04:45.000Z","005Dm000000nnayIAA","2023-02-24T16:04:45.000Z","005Dm000000nnayIAA","","","","a3HDm000000LqOJMA0","false","Company Financial Strength","42144546871343525"
"a3GDm000000TSObMAO","","PEMR-00186","2023-02-24T16:04:45.000Z","005Dm000000nnayIAA","2023-02-24T16:04:45.000Z","005Dm000000nnayIAA","","","","a3HDm000000LqOJMA0","false","Strong DSC/DTI","42406693838136211"
"a3GDm000000TSOcMAO","","PEMR-00190","2023-02-24T16:04:45.000Z","005Dm000000nnayIAA","2023-02-24T16:04:45.000Z","005Dm000000nnayIAA","","","","a3HDm000000LqOgMAK","false","Historical Payment Performance","42739193111409798"
"a3GDm000000TSOdMAO","","PEMR-00187","2023-02-24T16:04:45.000Z","005Dm000000nnayIAA","2023-02-24T16:04:45.000Z","005Dm000000nnayIAA","","","","a3HDm000000LqOJMA0","false","Guarantor Support/Liquidity","42316571465293011"
"a3GDm000000TSOeMAO","","PEMR-00188","2023-02-24T16:04:45.000Z","005Dm000000nnayIAA","2023-02-24T16:04:45.000Z","005Dm000000nnayIAA","","","","a3HDm000000LqOgMAK","false","Borrower Deposit Balances with the Bank","42795425325371634"
"a3GDm000000TSOfMAO","","PEMR-00189","2023-02-24T16:04:45.000Z","005Dm000000nnayIAA","2023-02-24T16:04:45.000Z","005Dm000000nnayIAA","","","","a3HDm000000LqOgMAK","false","Customer Relationship Duration","42170163673432841"
"a3GDm000000TSOgMAO","","PEMR-00191","2023-02-24T16:04:45.000Z","005Dm000000nnayIAA","2023-02-24T16:04:45.000Z","005Dm000000nnayIAA","","","","a3HDm000000LqOgMAK","false","Low Collateral LTV","42849841105439477"
"a3GDm000000TSOhMAO","","PEMR-00192","2023-02-24T16:04:45.000Z","005Dm000000nnayIAA","2023-02-24T16:04:45.000Z","005Dm000000nnayIAA","","","","a3HDm000000LqOgMAK","false","Relationship Deposit Balances","42143992843473962"
"a3GDm000000TSOiMAO","","PEMR-00193","2023-02-24T16:04:45.000Z","005Dm000000nnayIAA","2023-02-24T16:04:45.000Z","005Dm000000nnayIAA","","","","a3HDm000000LqOgMAK","false","Company Financial Strength","42644301030384083"
"a3GDm000000TSOjMAO","","PEMR-00194","2023-02-24T16:04:45.000Z","005Dm000000nnayIAA","2023-02-24T16:04:45.000Z","005Dm000000nnayIAA","","","","a3HDm000000LqOgMAK","false","Strong DSC/DTI","42769511987973459"
"a3GDm000000TSOkMAO","","PEMR-00195","2023-02-24T16:04:45.000Z","005Dm000000nnayIAA","2023-02-24T16:04:45.000Z","005Dm000000nnayIAA","","","","a3HDm000000LqOgMAK","false","Guarantor Support/Liquidity","42111486849331238"
"a3GDm000000TSOlMAO","","PEMR-00196","2023-02-24T16:04:45.000Z","005Dm000000nnayIAA","2023-02-24T16:04:45.000Z","005Dm000000nnayIAA","","","","a3HDm000000LqOhMAK","false","Borrower Deposit Balances with the Bank","42478048593631191"
"a3GDm000000TSOmMAO","","PEMR-00197","2023-02-24T16:04:45.000Z","005Dm000000nnayIAA","2023-02-24T16:04:45.000Z","005Dm000000nnayIAA","","","","a3HDm000000LqOhMAK","false","Customer Relationship Duration","42996245727924778"
"a3GDm000000TSOnMAO","","PEMR-00198","2023-02-24T16:04:45.000Z","005Dm000000nnayIAA","2023-02-24T16:04:45.000Z","005Dm000000nnayIAA","","","","a3HDm000000LqOhMAK","false","Historical Payment Performance","42130769514369509"
"a3GDm000000TSOoMAO","","PEMR-00199","2023-02-24T16:04:45.000Z","005Dm000000nnayIAA","2023-02-24T16:04:45.000Z","005Dm000000nnayIAA","","","","a3HDm000000LqOhMAK","false","Low Collateral LTV","42131182921002918"
"a3GDm000000TSOpMAO","","PEMR-00200","2023-02-24T16:04:45.000Z","005Dm000000nnayIAA","2023-02-24T16:04:45.000Z","005Dm000000nnayIAA","","","","a3HDm000000LqOhMAK","false","Relationship Deposit Balances","42935347519373565"
"a3GDm000000TSOqMAO","","PEMR-00201","2023-02-24T16:04:45.000Z","005Dm000000nnayIAA","2023-02-24T16:04:45.000Z","005Dm000000nnayIAA","","","","a3HDm000000LqOhMAK","false","Company Financial Strength","42090599657634911"
"a3GDm000000TSOrMAO","","PEMR-00202","2023-02-24T16:04:45.000Z","005Dm000000nnayIAA","2023-02-24T16:04:45.000Z","005Dm000000nnayIAA","","","","a3HDm000000LqOhMAK","false","Strong DSC/DTI","42925168049869740"
"a3GDm000000TSOsMAO","","PEMR-00203","2023-02-24T16:04:45.000Z","005Dm000000nnayIAA","2023-02-24T16:04:45.000Z","005Dm000000nnayIAA","","","","a3HDm000000LqOhMAK","false","Guarantor Support/Liquidity","42979661086785354"
"a3GDm000000TSOtMAO","","PEMR-00204","2023-02-24T16:04:45.000Z","005Dm000000nnayIAA","2023-02-24T16:04:45.000Z","005Dm000000nnayIAA","","","","a3HDm000000LqOiMAK","false","Borrower Deposit Balances with the Bank","42768144804110761"
"a3GDm000000TSOuMAO","","PEMR-00205","2023-02-24T16:04:45.000Z","005Dm000000nnayIAA","2023-02-24T16:04:45.000Z","005Dm000000nnayIAA","","","","a3HDm000000LqOiMAK","false","Customer Relationship Duration","42484036571615166"
"a3GDm000000TSOvMAO","","PEMR-00206","2023-02-24T16:04:45.000Z","005Dm000000nnayIAA","2023-02-24T16:04:45.000Z","005Dm000000nnayIAA","","","","a3HDm000000LqOiMAK","false","Historical Payment Performance","42999382198905827"
"a3GDm000000TSOwMAO","","PEMR-00207","2023-02-24T16:04:45.000Z","005Dm000000nnayIAA","2023-02-24T16:04:45.000Z","005Dm000000nnayIAA","","","","a3HDm000000LqOiMAK","false","Low Collateral LTV","42384340616408529"
"a3GDm000000TSOxMAO","","PEMR-00208","2023-02-24T16:04:45.000Z","005Dm000000nnayIAA","2023-02-24T16:04:45.000Z","005Dm000000nnayIAA","","","","a3HDm000000LqOiMAK","false","Relationship Deposit Balances","42625721084026152"
"a3GDm000000TSOyMAO","","PEMR-00209","2023-02-24T16:04:45.000Z","005Dm000000nnayIAA","2023-02-24T16:04:45.000Z","005Dm000000nnayIAA","","","","a3HDm000000LqOiMAK","false","Company Financial Strength","42155074640302983"
"a3GDm000000TSOzMAO","","PEMR-00210","2023-02-24T16:04:45.000Z","005Dm000000nnayIAA","2023-02-24T16:04:45.000Z","005Dm000000nnayIAA","","","","a3HDm000000LqOiMAK","false","Strong DSC/DTI","42784140953403217"
"a3GDm000000TSP0MAO","","PEMR-00211","2023-02-24T16:04:45.000Z","005Dm000000nnayIAA","2023-02-24T16:04:45.000Z","005Dm000000nnayIAA","","","","a3HDm000000LqOiMAK","false","Guarantor Support/Liquidity","42514661091088445"
"a3GDm000000TSP1MAO","","PEMR-00212","2023-02-24T16:04:45.000Z","005Dm000000nnayIAA","2023-02-24T16:04:45.000Z","005Dm000000nnayIAA","","","","a3HDm000000LqOjMAK","false","Borrower Deposit Balances with the Bank","42638616580270774"
"a3GDm000000TSP2MAO","","PEMR-00213","2023-02-24T16:04:45.000Z","005Dm000000nnayIAA","2023-02-24T16:04:45.000Z","005Dm000000nnayIAA","","","","a3HDm000000LqOjMAK","false","Customer Relationship Duration","42722337187122531"
"a3GDm000000TSP3MAO","","PEMR-00214","2023-02-24T16:04:45.000Z","005Dm000000nnayIAA","2023-02-24T16:04:45.000Z","005Dm000000nnayIAA","","","","a3HDm000000LqOjMAK","false","Historical Payment Performance","42024592307257298"
"a3GDm000000TSP4MAO","","PEMR-00215","2023-02-24T16:04:45.000Z","005Dm000000nnayIAA","2023-02-24T16:04:45.000Z","005Dm000000nnayIAA","","","","a3HDm000000LqOjMAK","false","Low Collateral LTV","42396118206759963"
"a3GDm000000TSP5MAO","","PEMR-00216","2023-02-24T16:04:45.000Z","005Dm000000nnayIAA","2023-02-24T16:04:45.000Z","005Dm000000nnayIAA","","","","a3HDm000000LqOjMAK","false","Relationship Deposit Balances","42836921677681152"
"a3GDm000000TSP6MAO","","PEMR-00217","2023-02-24T16:04:45.000Z","005Dm000000nnayIAA","2023-02-24T16:04:45.000Z","005Dm000000nnayIAA","","","","a3HDm000000LqOjMAK","false","Company Financial Strength","42533664746073050"
"a3GDm000000TSP7MAO","","PEMR-00218","2023-02-24T16:04:45.000Z","005Dm000000nnayIAA","2023-02-24T16:04:45.000Z","005Dm000000nnayIAA","","","","a3HDm000000LqOjMAK","false","Strong DSC/DTI","42753658371059158"
"a3GDm000000TSP8MAO","","PEMR-00219","2023-02-24T16:04:45.000Z","005Dm000000nnayIAA","2023-02-24T16:04:45.000Z","005Dm000000nnayIAA","","","","a3HDm000000LqOjMAK","false","Guarantor Support/Liquidity","42753443348561255"
"a3GDm000000TSP9MAO","","PEMR-00220","2023-02-24T16:04:45.000Z","005Dm000000nnayIAA","2023-02-24T16:04:45.000Z","005Dm000000nnayIAA","","","","a3HDm000000LqOkMAK","false","Borrower Deposit Balances with the Bank","42333407299761232"
"a3GDm000000TSPAMA4","","PEMR-00221","2023-02-24T16:04:45.000Z","005Dm000000nnayIAA","2023-02-24T16:04:45.000Z","005Dm000000nnayIAA","","","","a3HDm000000LqOkMAK","false","Customer Relationship Duration","42049820663888345"
"a3GDm000000TSPBMA4","","PEMR-00222","2023-02-24T16:04:45.000Z","005Dm000000nnayIAA","2023-02-24T16:04:45.000Z","005Dm000000nnayIAA","","","","a3HDm000000LqOkMAK","false","Historical Payment Performance","42518594892742459"
"a3GDm000000TSPCMA4","","PEMR-00223","2023-02-24T16:04:45.000Z","005Dm000000nnayIAA","2023-02-24T16:04:45.000Z","005Dm000000nnayIAA","","","","a3HDm000000LqOkMAK","false","Low Collateral LTV","42934746042529200"
"a3GDm000000TSPDMA4","","PEMR-00224","2023-02-24T16:04:45.000Z","005Dm000000nnayIAA","2023-02-24T16:04:45.000Z","005Dm000000nnayIAA","","","","a3HDm000000LqOkMAK","false","Relationship Deposit Balances","42039712333504038"
"a3GDm000000TSPEMA4","","PEMR-00225","2023-02-24T16:04:45.000Z","005Dm000000nnayIAA","2023-02-24T16:04:45.000Z","005Dm000000nnayIAA","","","","a3HDm000000LqOkMAK","false","Company Financial Strength","42661814799194153"
"a3GDm000000TSPFMA4","","PEMR-00226","2023-02-24T16:04:45.000Z","005Dm000000nnayIAA","2023-02-24T16:04:45.000Z","005Dm000000nnayIAA","","","","a3HDm000000LqOkMAK","false","Strong DSC/DTI","42893994631942219"
"a3GDm000000TSPGMA4","","PEMR-00227","2023-02-24T16:04:45.000Z","005Dm000000nnayIAA","2023-02-24T16:04:45.000Z","005Dm000000nnayIAA","","","","a3HDm000000LqOkMAK","false","Guarantor Support/Liquidity","42460441252599625"
"a3GDm000000TSPHMA4","","PEMR-00228","2023-02-24T16:04:45.000Z","005Dm000000nnayIAA","2023-02-24T16:04:45.000Z","005Dm000000nnayIAA","","","","a3HDm000000LqOlMAK","false","Borrower Deposit Balances with the Bank","42180169537191030"
"a3GDm000000TSPIMA4","","PEMR-00229","2023-02-24T16:04:45.000Z","005Dm000000nnayIAA","2023-02-24T16:04:45.000Z","005Dm000000nnayIAA","","","","a3HDm000000LqOlMAK","false","Customer Relationship Duration","42326863091291943"
"a3GDm000000TSPJMA4","","PEMR-00230","2023-02-24T16:04:45.000Z","005Dm000000nnayIAA","2023-02-24T16:04:45.000Z","005Dm000000nnayIAA","","","","a3HDm000000LqOlMAK","false","Historical Payment Performance","42607410972467361"
"a3GDm000000TSPKMA4","","PEMR-00231","2023-02-24T16:04:45.000Z","005Dm000000nnayIAA","2023-02-24T16:04:45.000Z","005Dm000000nnayIAA","","","","a3HDm000000LqOlMAK","false","Low Collateral LTV","42039956430798341"
"a3GDm000000TSPLMA4","","PEMR-00232","2023-02-24T16:04:45.000Z","005Dm000000nnayIAA","2023-02-24T16:04:45.000Z","005Dm000000nnayIAA","","","","a3HDm000000LqOlMAK","false","Relationship Deposit Balances","42955938238953900"
"a3GDm000000TSPMMA4","","PEMR-00233","2023-02-24T16:04:45.000Z","005Dm000000nnayIAA","2023-02-24T16:04:45.000Z","005Dm000000nnayIAA","","","","a3HDm000000LqOlMAK","false","Company Financial Strength","42318049434135724"
"a3GDm000000TSPNMA4","","PEMR-00234","2023-02-24T16:04:45.000Z","005Dm000000nnayIAA","2023-02-24T16:04:45.000Z","005Dm000000nnayIAA","","","","a3HDm000000LqOlMAK","false","Strong DSC/DTI","42077610192206501"
"a3GDm000000TSPOMA4","","PEMR-00235","2023-02-24T16:04:45.000Z","005Dm000000nnayIAA","2023-02-24T16:04:45.000Z","005Dm000000nnayIAA","","","","a3HDm000000LqOlMAK","false","Guarantor Support/Liquidity","42393133336019499"
"a3GDm000000TSPPMA4","","PEMR-00236","2023-02-24T16:04:45.000Z","005Dm000000nnayIAA","2023-02-24T16:04:45.000Z","005Dm000000nnayIAA","","","","a3HDm000000LqOmMAK","false","Borrower Deposit Balances with the Bank","42247053297317824"
"a3GDm000000TSPQMA4","","PEMR-00237","2023-02-24T16:04:45.000Z","005Dm000000nnayIAA","2023-02-24T16:04:45.000Z","005Dm000000nnayIAA","","","","a3HDm000000LqOmMAK","false","Customer Relationship Duration","42679996519207297"
"a3GDm000000TSPRMA4","","PEMR-00238","2023-02-24T16:04:45.000Z","005Dm000000nnayIAA","2023-02-24T16:04:45.000Z","005Dm000000nnayIAA","","","","a3HDm000000LqOmMAK","false","Historical Payment Performance","42172396510892230"
"a3GDm000000TSPSMA4","","PEMR-00239","2023-02-24T16:04:45.000Z","005Dm000000nnayIAA","2023-02-24T16:04:45.000Z","005Dm000000nnayIAA","","","","a3HDm000000LqOmMAK","false","Low Collateral LTV","42224250858334239"
"a3GDm000000TSPTMA4","","PEMR-00240","2023-02-24T16:04:45.000Z","005Dm000000nnayIAA","2023-02-24T16:04:45.000Z","005Dm000000nnayIAA","","","","a3HDm000000LqOmMAK","false","Relationship Deposit Balances","42267042508699488"
"a3GDm000000TSPUMA4","","PEMR-00241","2023-02-24T16:04:45.000Z","005Dm000000nnayIAA","2023-02-24T16:04:45.000Z","005Dm000000nnayIAA","","","","a3HDm000000LqOmMAK","false","Company Financial Strength","42686316218429316"
"a3GDm000000TSPVMA4","","PEMR-00242","2023-02-24T16:04:45.000Z","005Dm000000nnayIAA","2023-02-24T16:04:45.000Z","005Dm000000nnayIAA","","","","a3HDm000000LqOmMAK","false","Strong DSC/DTI","42263540609112650"
"a3GDm000000TSPWMA4","","PEMR-00243","2023-02-24T16:04:45.000Z","005Dm000000nnayIAA","2023-02-24T16:04:45.000Z","005Dm000000nnayIAA","","","","a3HDm000000LqOmMAK","false","Guarantor Support/Liquidity","42734450789286079"
"a3GDm000000TSPXMA4","","PEMR-00244","2023-02-24T16:04:45.000Z","005Dm000000nnayIAA","2023-02-24T16:04:45.000Z","005Dm000000nnayIAA","","","","a3HDm000000LqOnMAK","false","Borrower Deposit Balances with the Bank","42446450338723586"
"a3GDm000000TSPYMA4","","PEMR-00245","2023-02-24T16:04:45.000Z","005Dm000000nnayIAA","2023-02-24T16:04:45.000Z","005Dm000000nnayIAA","","","","a3HDm000000LqOnMAK","false","Customer Relationship Duration","42876223069179573"
"a3GDm000000TSPZMA4","","PEMR-00246","2023-02-24T16:04:45.000Z","005Dm000000nnayIAA","2023-02-24T16:04:45.000Z","005Dm000000nnayIAA","","","","a3HDm000000LqOnMAK","false","Historical Payment Performance","42359670216115112"
"a3GDm000000TSPaMAO","","PEMR-00247","2023-02-24T16:04:45.000Z","005Dm000000nnayIAA","2023-02-24T16:04:45.000Z","005Dm000000nnayIAA","","","","a3HDm000000LqOnMAK","false","Low Collateral LTV","42528002225271376"
"a3GDm000000TSPbMAO","","PEMR-00248","2023-02-24T16:04:45.000Z","005Dm000000nnayIAA","2023-02-24T16:04:45.000Z","005Dm000000nnayIAA","","","","a3HDm000000LqOnMAK","false","Relationship Deposit Balances","42794547766633765"
"a3GDm000000TSPcMAO","","PEMR-00249","2023-02-24T16:04:45.000Z","005Dm000000nnayIAA","2023-02-24T16:04:45.000Z","005Dm000000nnayIAA","","","","a3HDm000000LqOnMAK","false","Company Financial Strength","42597567817255281"
"a3GDm000000TSPdMAO","","PEMR-00250","2023-02-24T16:04:45.000Z","005Dm000000nnayIAA","2023-02-24T16:04:45.000Z","005Dm000000nnayIAA","","","","a3HDm000000LqOnMAK","false","Strong DSC/DTI","42611985863627486"
"a3GDm000000TSPeMAO","","PEMR-00251","2023-02-24T16:04:45.000Z","005Dm000000nnayIAA","2023-02-24T16:04:45.000Z","005Dm000000nnayIAA","","","","a3HDm000000LqOnMAK","false","Guarantor Support/Liquidity","42223280310302861"
"a3GDm000000TSPfMAO","","PEMR-00254","2023-02-24T16:04:45.000Z","005Dm000000nnayIAA","2023-02-24T16:04:45.000Z","005Dm000000nnayIAA","","","","a3HDm000000LqOoMAK","false","Historical Payment Performance","42534362643399466"
"a3GDm000000TSPgMAO","","PEMR-00252","2023-02-24T16:04:45.000Z","005Dm000000nnayIAA","2023-02-24T16:04:45.000Z","005Dm000000nnayIAA","","","","a3HDm000000LqOoMAK","false","Borrower Deposit Balances with the Bank","42196390105095836"
"a3GDm000000TSPhMAO","","PEMR-00253","2023-02-24T16:04:45.000Z","005Dm000000nnayIAA","2023-02-24T16:04:45.000Z","005Dm000000nnayIAA","","","","a3HDm000000LqOoMAK","false","Customer Relationship Duration","42654839119327297"
"a3GDm000000TSPiMAO","","PEMR-00255","2023-02-24T16:04:45.000Z","005Dm000000nnayIAA","2023-02-24T16:04:45.000Z","005Dm000000nnayIAA","","","","a3HDm000000LqOoMAK","false","Low Collateral LTV","42077420187679251"
"a3GDm000000TSPjMAO","","PEMR-00256","2023-02-24T16:04:45.000Z","005Dm000000nnayIAA","2023-02-24T16:04:45.000Z","005Dm000000nnayIAA","","","","a3HDm000000LqOoMAK","false","Relationship Deposit Balances","42302662757794255"
"a3GDm000000TSPkMAO","","PEMR-00257","2023-02-24T16:04:45.000Z","005Dm000000nnayIAA","2023-02-24T16:04:45.000Z","005Dm000000nnayIAA","","","","a3HDm000000LqOoMAK","false","Company Financial Strength","42437889601124038"
"a3GDm000000TSPlMAO","","PEMR-00258","2023-02-24T16:04:45.000Z","005Dm000000nnayIAA","2023-02-24T16:04:45.000Z","005Dm000000nnayIAA","","","","a3HDm000000LqOoMAK","false","Strong DSC/DTI","42876547199634394"
"a3GDm000000TSPmMAO","","PEMR-00259","2023-02-24T16:04:45.000Z","005Dm000000nnayIAA","2023-02-24T16:04:45.000Z","005Dm000000nnayIAA","","","","a3HDm000000LqOoMAK","false","Guarantor Support/Liquidity","42689171424328121"
"a3GDm000000TSPnMAO","","PEMR-00260","2023-02-24T16:04:45.000Z","005Dm000000nnayIAA","2023-02-24T16:04:45.000Z","005Dm000000nnayIAA","","","","a3HDm000000LqOpMAK","false","Borrower Deposit Balances with the Bank","42847388409462048"
"a3GDm000000TSPoMAO","","PEMR-00261","2023-02-24T16:04:45.000Z","005Dm000000nnayIAA","2023-02-24T16:04:45.000Z","005Dm000000nnayIAA","","","","a3HDm000000LqOpMAK","false","Customer Relationship Duration","42033633596910233"
"a3GDm000000TSPpMAO","","PEMR-00262","2023-02-24T16:04:45.000Z","005Dm000000nnayIAA","2023-02-24T16:04:45.000Z","005Dm000000nnayIAA","","","","a3HDm000000LqOpMAK","false","Historical Payment Performance","42437616688312610"
"a3GDm000000TSPqMAO","","PEMR-00263","2023-02-24T16:04:45.000Z","005Dm000000nnayIAA","2023-02-24T16:04:45.000Z","005Dm000000nnayIAA","","","","a3HDm000000LqOpMAK","false","Low Collateral LTV","42947357433810715"
"a3GDm000000TSPrMAO","","PEMR-00264","2023-02-24T16:04:45.000Z","005Dm000000nnayIAA","2023-02-24T16:04:45.000Z","005Dm000000nnayIAA","","","","a3HDm000000LqOpMAK","false","Relationship Deposit Balances","4290216592128112"
"a3GDm000000TSPsMAO","","PEMR-00265","2023-02-24T16:04:45.000Z","005Dm000000nnayIAA","2023-02-24T16:04:45.000Z","005Dm000000nnayIAA","","","","a3HDm000000LqOpMAK","false","Company Financial Strength","42442069488975730"
"a3GDm000000TSPtMAO","","PEMR-00266","2023-02-24T16:04:45.000Z","005Dm000000nnayIAA","2023-02-24T16:04:45.000Z","005Dm000000nnayIAA","","","","a3HDm000000LqOpMAK","false","Strong DSC/DTI","42727804634397585"
"a3GDm000000TSPuMAO","","PEMR-00267","2023-02-24T16:04:45.000Z","005Dm000000nnayIAA","2023-02-24T16:04:45.000Z","005Dm000000nnayIAA","","","","a3HDm000000LqOpMAK","false","Guarantor Support/Liquidity","42597999800215792"
"a3GDm000000TSPvMAO","","PEMR-00268","2023-02-24T16:04:45.000Z","005Dm000000nnayIAA","2023-02-24T16:04:45.000Z","005Dm000000nnayIAA","","","","a3HDm000000LqOqMAK","false","Borrower Deposit Balances with the Bank","42280682404029110"
"a3GDm000000TSPwMAO","","PEMR-00269","2023-02-24T16:04:45.000Z","005Dm000000nnayIAA","2023-02-24T16:04:45.000Z","005Dm000000nnayIAA","","","","a3HDm000000LqOqMAK","false","Customer Relationship Duration","42722043297455664"
"a3GDm000000TSPxMAO","","PEMR-00270","2023-02-24T16:04:45.000Z","005Dm000000nnayIAA","2023-02-24T16:04:45.000Z","005Dm000000nnayIAA","","","","a3HDm000000LqOqMAK","false","Historical Payment Performance","42916448447143364"
"a3GDm000000TSPyMAO","","PEMR-00271","2023-02-24T16:04:45.000Z","005Dm000000nnayIAA","2023-02-24T16:04:45.000Z","005Dm000000nnayIAA","","","","a3HDm000000LqOqMAK","false","Low Collateral LTV","42500284276906111"
"a3GDm000000TSPzMAO","","PEMR-00272","2023-02-24T16:04:45.000Z","005Dm000000nnayIAA","2023-02-24T16:04:45.000Z","005Dm000000nnayIAA","","","","a3HDm000000LqOqMAK","false","Relationship Deposit Balances","42083011861893955"
"a3GDm000000TSQ0MAO","","PEMR-00273","2023-02-24T16:04:45.000Z","005Dm000000nnayIAA","2023-02-24T16:04:45.000Z","005Dm000000nnayIAA","","","","a3HDm000000LqOqMAK","false","Company Financial Strength","42381147786104653"
"a3GDm000000TSQ1MAO","","PEMR-00274","2023-02-24T16:04:45.000Z","005Dm000000nnayIAA","2023-02-24T16:04:45.000Z","005Dm000000nnayIAA","","","","a3HDm000000LqOqMAK","false","Strong DSC/DTI","42130985843882576"
"a3GDm000000TSQ2MAO","","PEMR-00275","2023-02-24T16:04:45.000Z","005Dm000000nnayIAA","2023-02-24T16:04:45.000Z","005Dm000000nnayIAA","","","","a3HDm000000LqOqMAK","false","Guarantor Support/Liquidity","42342838560274645"
