"Id","OwnerId","IsDeleted","Name","CreatedDate","CreatedById","LastModifiedDate","LastModifiedById","SystemModstamp","LastActivityDate","LastViewedDate","LastReferencedDate","ConnectionReceivedId","ConnectionSentId","LLC_BI__Active__c","LLC_BI__Advance_Rate__c","LLC_BI__Collateral_Code__c","LLC_BI__Condo_PUD__c","LLC_BI__Expire_Date__c","LLC_BI__Field_Set__c","LLC_BI__Manufactured_Home__c","LLC_BI__Regulatory_Rate__c","LLC_BI__Start_Date__c","LLC_BI__Subtype__c","LLC_BI__Type__c","LLC_BI__Icon_Background_Color__c","LLC_BI__Icon_Color__c","LLC_BI__Icon_Type__c","LLC_BI__Screen__c","LLC_BI__lookupKey__c","LLC_BI__Collateral_Configuration__c","LLC_BI__Highest_Type__c","LLC_BI__Is_Complex__c","LLC_BI__Parent_Type__c","LLC_BI__Valuation_Source__c","LLC_BI__Valuation_Type__c","LLC_BI__Auto_Update_Collateral_Value__c","LLC_BI__Primary_Valuation_Sources__c","LLC_BI__Valuation_Field_Set__c","LLC_BI__Category__c","LLC_BI__Leasing_Screen__c","LLC_BI__Group_Type__c"
"a1xDm000000XhRkIAK","005Dm000000nnayIAA","","Titled-Motor Vehicle","2023-02-24T16:04:45.000Z","005Dm000000nnayIAA","2023-02-24T16:04:45.000Z","005Dm000000nnayIAA","","","","","","","","80.0","","false","","LLC_BI__Manage_Collateral_Titled","false","","2024-10-16","Motor Vehicle","Titled","Ba202E","fff","custom/custom31","a2GDm000000LG9QMAW","a1xDm000000XhSQIA0","{""prodPkgEditScreen"":""723454364762362365"",""ownershipAssignmentFieldSetName"":""LLC_BI__Bulk_Ownership_Assignment"",""editCollateralScreen"":""42363993400862416"",""copyCollateralScreen"":""42363993400862416"",""collateralScreenName"":""Collateral Creation Screen"",""collateralCopyFieldSetName"":""LLC_BI__Collateral_Creation_Screen_Configuration"",""collateralCloneFieldSetName"":""LLC_BI__Collateral_Creation_Screen_Configuration"",""addCollateralScreen"":""42363993400862416"",""addChildCollateralScreen"":""42363993400862416""}","","false","","","","false","","","","a2GDm000000LG9RMAW",""
"a1xDm000000XhRlIAK","005Dm000000nnayIAA","","Real Estate-Construction","2023-02-24T16:04:45.000Z","005Dm000000nnayIAA","2023-02-24T16:04:45.000Z","005Dm000000nnayIAA","","","","","","","","80.0","","false","","","false","","2024-10-16","Construction","Real Estate","670B7B","fff","custom/custom24","a2GDm000000LG9SMAW","a1xDm000000XhSRIA0","{""prodPkgEditScreen"":""723454364762362365"",""ownershipAssignmentFieldSetName"":""LLC_BI__Bulk_Ownership_Assignment"",""editCollateralScreen"":""42363993400862416"",""copyCollateralScreen"":""42363993400862416"",""collateralScreenName"":""Collateral Creation Screen"",""collateralCopyFieldSetName"":""LLC_BI__Collateral_Creation_Screen_Configuration"",""collateralCloneFieldSetName"":""LLC_BI__Collateral_Creation_Screen_Configuration"",""addCollateralScreen"":""42363993400862416"",""addChildCollateralScreen"":""42363993400862416""}","","false","","","","false","","","","a2GDm000000LG9RMAW",""
"a1xDm000000XhRmIAK","005Dm000000nnayIAA","","Real Estate-1-4 Family","2023-02-24T16:04:45.000Z","005Dm000000nnayIAA","2023-02-24T16:04:45.000Z","005Dm000000nnayIAA","","","","","","","","80.0","","false","","","false","","2024-10-16","1-4 Family","Real Estate","670B7B","fff","custom/custom24","a2GDm000000LG9SMAW","a1xDm000000XhSSIA0","{""prodPkgEditScreen"":""723454364762362365"",""ownershipAssignmentFieldSetName"":""LLC_BI__Bulk_Ownership_Assignment"",""editCollateralScreen"":""42363993400862416"",""copyCollateralScreen"":""42363993400862416"",""collateralScreenName"":""Collateral Creation Screen"",""collateralCopyFieldSetName"":""LLC_BI__Collateral_Creation_Screen_Configuration"",""collateralCloneFieldSetName"":""LLC_BI__Collateral_Creation_Screen_Configuration"",""addCollateralScreen"":""42363993400862416"",""addChildCollateralScreen"":""42363993400862416""}","","false","","","","false","","","","a2GDm000000LG9RMAW",""
"a1xDm000000XhRnIAK","005Dm000000nnayIAA","","Titled-Mobile Home","2023-02-24T16:04:45.000Z","005Dm000000nnayIAA","2023-02-24T16:04:45.000Z","005Dm000000nnayIAA","","","","","","","","80.0","","false","","LLC_BI__Manage_Collateral_Titled","false","","2024-10-16","Mobile Home","Titled","Ba202E","fff","custom/custom31","a2GDm000000LG9TMAW","a1xDm000000XhSTIA0","{""prodPkgEditScreen"":""723454364762362365"",""ownershipAssignmentFieldSetName"":""LLC_BI__Bulk_Ownership_Assignment"",""editCollateralScreen"":""42363993400862416"",""copyCollateralScreen"":""42363993400862416"",""collateralScreenName"":""Collateral Creation Screen"",""collateralCopyFieldSetName"":""LLC_BI__Collateral_Creation_Screen_Configuration"",""collateralCloneFieldSetName"":""LLC_BI__Collateral_Creation_Screen_Configuration"",""addCollateralScreen"":""42363993400862416"",""addChildCollateralScreen"":""42363993400862416""}","","false","","","","false","","","","a2GDm000000LG9RMAW",""
"a1xDm000000XhRoIAK","005Dm000000nnayIAA","","Titled-Pleasure Boat","2023-02-24T16:04:45.000Z","005Dm000000nnayIAA","2023-02-24T16:04:45.000Z","005Dm000000nnayIAA","","","","","","","","80.0","","false","","LLC_BI__Manage_Collateral_Titled","false","","2024-10-16","Pleasure Boat","Titled","Ba202E","fff","custom/custom31","a2GDm000000LG9UMAW","a1xDm000000XhSPIA0","{""prodPkgEditScreen"":""723454364762362365"",""ownershipAssignmentFieldSetName"":""LLC_BI__Bulk_Ownership_Assignment"",""editCollateralScreen"":""42363993400862416"",""copyCollateralScreen"":""42363993400862416"",""collateralScreenName"":""Collateral Creation Screen"",""collateralCopyFieldSetName"":""LLC_BI__Collateral_Creation_Screen_Configuration"",""collateralCloneFieldSetName"":""LLC_BI__Collateral_Creation_Screen_Configuration"",""addCollateralScreen"":""42363993400862416"",""addChildCollateralScreen"":""42363993400862416""}","","false","","","","false","","","","a2GDm000000LG9RMAW",""
"a1xDm000000XhRpIAK","005Dm000000nnayIAA","","Titled-Ship","2023-02-24T16:04:45.000Z","005Dm000000nnayIAA","2023-02-24T16:04:45.000Z","005Dm000000nnayIAA","","","","","","","","80.0","","false","","LLC_BI__Manage_Collateral_Titled","false","","2024-10-16","Ship","Titled","Ba202E","fff","custom/custom31","a2GDm000000LG9VMAW","a1xDm000000XhSUIA0","{""prodPkgEditScreen"":""723454364762362365"",""ownershipAssignmentFieldSetName"":""LLC_BI__Bulk_Ownership_Assignment"",""editCollateralScreen"":""42363993400862416"",""copyCollateralScreen"":""42363993400862416"",""collateralScreenName"":""Collateral Creation Screen"",""collateralCopyFieldSetName"":""LLC_BI__Collateral_Creation_Screen_Configuration"",""collateralCloneFieldSetName"":""LLC_BI__Collateral_Creation_Screen_Configuration"",""addCollateralScreen"":""42363993400862416"",""addChildCollateralScreen"":""42363993400862416""}","","false","","","","false","","","","a2GDm000000LG9RMAW",""
"a1xDm000000XhRqIAK","005Dm000000nnayIAA","","Titled-Aircraft","2023-02-24T16:04:45.000Z","005Dm000000nnayIAA","2023-02-24T16:04:45.000Z","005Dm000000nnayIAA","","","","","","","","80.0","","false","","LLC_BI__Manage_Collateral_Titled","false","","2024-10-16","Aircraft","Titled","Ba202E","fff","custom/custom31","a2GDm000000LG9WMAW","a1xDm000000XhSVIA0","{""prodPkgEditScreen"":""723454364762362365"",""ownershipAssignmentFieldSetName"":""LLC_BI__Bulk_Ownership_Assignment"",""editCollateralScreen"":""42363993400862416"",""copyCollateralScreen"":""42363993400862416"",""collateralScreenName"":""Collateral Creation Screen"",""collateralCopyFieldSetName"":""LLC_BI__Collateral_Creation_Screen_Configuration"",""collateralCloneFieldSetName"":""LLC_BI__Collateral_Creation_Screen_Configuration"",""addCollateralScreen"":""42363993400862416"",""addChildCollateralScreen"":""42363993400862416""}","","false","","","","false","","","","a2GDm000000LG9RMAW",""
"a1xDm000000XhRrIAK","005Dm000000nnayIAA","","Titled-Trailer","2023-02-24T16:04:45.000Z","005Dm000000nnayIAA","2023-02-24T16:04:45.000Z","005Dm000000nnayIAA","","","","","","","","80.0","","false","","LLC_BI__Manage_Collateral_Titled","false","","2024-10-16","Trailer","Titled","Ba202E","fff","custom/custom31","a2GDm000000LG9XMAW","a1xDm000000XhSWIA0","{""prodPkgEditScreen"":""723454364762362365"",""ownershipAssignmentFieldSetName"":""LLC_BI__Bulk_Ownership_Assignment"",""editCollateralScreen"":""42363993400862416"",""copyCollateralScreen"":""42363993400862416"",""collateralScreenName"":""Collateral Creation Screen"",""collateralCopyFieldSetName"":""LLC_BI__Collateral_Creation_Screen_Configuration"",""collateralCloneFieldSetName"":""LLC_BI__Collateral_Creation_Screen_Configuration"",""addCollateralScreen"":""42363993400862416"",""addChildCollateralScreen"":""42363993400862416""}","","false","","","","false","","","","a2GDm000000LG9RMAW",""
"a1xDm000000XhRsIAK","005Dm000000nnayIAA","","Titled-Other Titled","2023-02-24T16:04:45.000Z","005Dm000000nnayIAA","2023-02-24T16:04:45.000Z","005Dm000000nnayIAA","","","","","","","","80.0","","false","","LLC_BI__Manage_Collateral_Titled","false","","2024-10-16","Other Titled","Titled","Ba202E","fff","custom/custom31","a2GDm000000LG9YMAW","a1xDm000000XhSXIA0","{""prodPkgEditScreen"":""723454364762362365"",""ownershipAssignmentFieldSetName"":""LLC_BI__Bulk_Ownership_Assignment"",""editCollateralScreen"":""42363993400862416"",""copyCollateralScreen"":""42363993400862416"",""collateralScreenName"":""Collateral Creation Screen"",""collateralCopyFieldSetName"":""LLC_BI__Collateral_Creation_Screen_Configuration"",""collateralCloneFieldSetName"":""LLC_BI__Collateral_Creation_Screen_Configuration"",""addCollateralScreen"":""42363993400862416"",""addChildCollateralScreen"":""42363993400862416""}","","false","","","","false","","","","a2GDm000000LG9RMAW",""
"a1xDm000000XhRtIAK","005Dm000000nnayIAA","","Possessory-Savings/CDs","2023-02-24T16:04:45.000Z","005Dm000000nnayIAA","2023-02-24T16:04:45.000Z","005Dm000000nnayIAA","","","","","","","","80.0","","false","","","false","","2024-10-16","Savings/CDs","Possessory","85BE40","fff","custom/custom17","a2GDm000000LG9ZMAW","a1xDm000000XhSYIA0","{""prodPkgEditScreen"":""723454364762362365"",""ownershipAssignmentFieldSetName"":""LLC_BI__Bulk_Ownership_Assignment"",""editCollateralScreen"":""42363993400862416"",""copyCollateralScreen"":""42363993400862416"",""collateralScreenName"":""Collateral Creation Screen"",""collateralCopyFieldSetName"":""LLC_BI__Collateral_Creation_Screen_Configuration"",""collateralCloneFieldSetName"":""LLC_BI__Collateral_Creation_Screen_Configuration"",""addCollateralScreen"":""42363993400862416"",""addChildCollateralScreen"":""42363993400862416""}","","false","","","","false","","","","a2GDm000000LG9RMAW",""
"a1xDm000000XhRuIAK","005Dm000000nnayIAA","","Possessory-Securities","2023-02-24T16:04:45.000Z","005Dm000000nnayIAA","2023-02-24T16:04:45.000Z","005Dm000000nnayIAA","","","","","","","","80.0","","false","","","false","","2024-10-16","Securities","Possessory","85BE40","fff","custom/custom17","a2GDm000000LG9aMAG","a1xDm000000XhSZIA0","{""prodPkgEditScreen"":""723454364762362365"",""ownershipAssignmentFieldSetName"":""LLC_BI__Bulk_Ownership_Assignment"",""editCollateralScreen"":""42363993400862416"",""copyCollateralScreen"":""42363993400862416"",""collateralScreenName"":""Collateral Creation Screen"",""collateralCopyFieldSetName"":""LLC_BI__Collateral_Creation_Screen_Configuration"",""collateralCloneFieldSetName"":""LLC_BI__Collateral_Creation_Screen_Configuration"",""addCollateralScreen"":""42363993400862416"",""addChildCollateralScreen"":""42363993400862416""}","","false","","","","false","","","","a2GDm000000LG9RMAW",""
"a1xDm000000XhRvIAK","005Dm000000nnayIAA","","Possessory-Note/Instrument","2023-02-24T16:04:45.000Z","005Dm000000nnayIAA","2023-02-24T16:04:45.000Z","005Dm000000nnayIAA","","","","","","","","80.0","","false","","","false","","2024-10-16","Note/Instrument","Possessory","85BE40","fff","custom/custom17","a2GDm000000LG9bMAG","a1xDm000000XhSaIAK","{""prodPkgEditScreen"":""723454364762362365"",""ownershipAssignmentFieldSetName"":""LLC_BI__Bulk_Ownership_Assignment"",""editCollateralScreen"":""42363993400862416"",""copyCollateralScreen"":""42363993400862416"",""collateralScreenName"":""Collateral Creation Screen"",""collateralCopyFieldSetName"":""LLC_BI__Collateral_Creation_Screen_Configuration"",""collateralCloneFieldSetName"":""LLC_BI__Collateral_Creation_Screen_Configuration"",""addCollateralScreen"":""42363993400862416"",""addChildCollateralScreen"":""42363993400862416""}","","false","","","","false","","","","a2GDm000000LG9RMAW",""
"a1xDm000000XhRwIAK","005Dm000000nnayIAA","","Possessory-Receipts/Bills","2023-02-24T16:04:45.000Z","005Dm000000nnayIAA","2023-02-24T16:04:45.000Z","005Dm000000nnayIAA","","","","","","","","80.0","","false","","","false","","2024-10-16","Receipts/Bills","Possessory","85BE40","fff","custom/custom17","a2GDm000000LG9cMAG","a1xDm000000XhSbIAK","{""prodPkgEditScreen"":""723454364762362365"",""ownershipAssignmentFieldSetName"":""LLC_BI__Bulk_Ownership_Assignment"",""editCollateralScreen"":""42363993400862416"",""copyCollateralScreen"":""42363993400862416"",""collateralScreenName"":""Collateral Creation Screen"",""collateralCopyFieldSetName"":""LLC_BI__Collateral_Creation_Screen_Configuration"",""collateralCloneFieldSetName"":""LLC_BI__Collateral_Creation_Screen_Configuration"",""addCollateralScreen"":""42363993400862416"",""addChildCollateralScreen"":""42363993400862416""}","","false","","","","false","","","","a2GDm000000LG9RMAW",""
"a1xDm000000XhRxIAK","005Dm000000nnayIAA","","Possessory-Letter of Credit","2023-02-24T16:04:45.000Z","005Dm000000nnayIAA","2023-02-24T16:04:45.000Z","005Dm000000nnayIAA","","","","","","","","80.0","","false","","","false","","2024-10-16","Letter of Credit","Possessory","85BE40","fff","custom/custom17","a2GDm000000LG9dMAG","a1xDm000000XhSdIAK","{""prodPkgEditScreen"":""723454364762362365"",""ownershipAssignmentFieldSetName"":""LLC_BI__Bulk_Ownership_Assignment"",""editCollateralScreen"":""42363993400862416"",""copyCollateralScreen"":""42363993400862416"",""collateralScreenName"":""Collateral Creation Screen"",""collateralCopyFieldSetName"":""LLC_BI__Collateral_Creation_Screen_Configuration"",""collateralCloneFieldSetName"":""LLC_BI__Collateral_Creation_Screen_Configuration"",""addCollateralScreen"":""42363993400862416"",""addChildCollateralScreen"":""42363993400862416""}","","false","","","","false","","","","a2GDm000000LG9RMAW",""
"a1xDm000000XhRyIAK","005Dm000000nnayIAA","","UCC-Inventory","2023-02-24T16:04:45.000Z","005Dm000000nnayIAA","2023-02-24T16:04:45.000Z","005Dm000000nnayIAA","","","","","","","","80.0","","false","","","false","","2024-10-16","Inventory","UCC","F1B643","fff","custom/custom18","a2GDm000000LG9fMAG","a1xDm000000XhScIAK","{""prodPkgEditScreen"":""723454364762362365"",""ownershipAssignmentFieldSetName"":""LLC_BI__Bulk_Ownership_Assignment"",""editCollateralScreen"":""42363993400862416"",""copyCollateralScreen"":""42363993400862416"",""collateralScreenName"":""Collateral Creation Screen"",""collateralCopyFieldSetName"":""LLC_BI__Collateral_Creation_Screen_Configuration"",""collateralCloneFieldSetName"":""LLC_BI__Collateral_Creation_Screen_Configuration"",""addCollateralScreen"":""42363993400862416"",""addChildCollateralScreen"":""42363993400862416""}","","false","","","","false","","","","a2GDm000000LG9RMAW",""
"a1xDm000000XhRzIAK","005Dm000000nnayIAA","","Possessory-Other Possessory","2023-02-24T16:04:45.000Z","005Dm000000nnayIAA","2023-02-24T16:04:45.000Z","005Dm000000nnayIAA","","","","","","","","80.0","","false","","","false","","2024-10-16","Other Possessory","Possessory","85BE40","fff","custom/custom17","a2GDm000000LG9cMAG","a1xDm000000XhSeIAK","{""prodPkgEditScreen"":""723454364762362365"",""ownershipAssignmentFieldSetName"":""LLC_BI__Bulk_Ownership_Assignment"",""editCollateralScreen"":""42363993400862416"",""copyCollateralScreen"":""42363993400862416"",""collateralScreenName"":""Collateral Creation Screen"",""collateralCopyFieldSetName"":""LLC_BI__Collateral_Creation_Screen_Configuration"",""collateralCloneFieldSetName"":""LLC_BI__Collateral_Creation_Screen_Configuration"",""addCollateralScreen"":""42363993400862416"",""addChildCollateralScreen"":""42363993400862416""}","","false","","","","false","","","","a2GDm000000LG9RMAW",""
"a1xDm000000XhS0IAK","005Dm000000nnayIAA","","Possessory-Life Insurance","2023-02-24T16:04:45.000Z","005Dm000000nnayIAA","2023-02-24T16:04:45.000Z","005Dm000000nnayIAA","","","","","","","","80.0","","false","","","false","","2024-10-16","Life Insurance","Possessory","85BE40","fff","custom/custom17","a2GDm000000LG9eMAG","a1xDm000000XhSfIAK","{""prodPkgEditScreen"":""723454364762362365"",""ownershipAssignmentFieldSetName"":""LLC_BI__Bulk_Ownership_Assignment"",""editCollateralScreen"":""42363993400862416"",""copyCollateralScreen"":""42363993400862416"",""collateralScreenName"":""Collateral Creation Screen"",""collateralCopyFieldSetName"":""LLC_BI__Collateral_Creation_Screen_Configuration"",""collateralCloneFieldSetName"":""LLC_BI__Collateral_Creation_Screen_Configuration"",""addCollateralScreen"":""42363993400862416"",""addChildCollateralScreen"":""42363993400862416""}","","false","","","","false","","","","a2GDm000000LG9RMAW",""
"a1xDm000000XhS1IAK","005Dm000000nnayIAA","","UCC-Chattel Paper","2023-02-24T16:04:45.000Z","005Dm000000nnayIAA","2023-02-24T16:04:45.000Z","005Dm000000nnayIAA","","","","","","","","80.0","","false","","","false","","2024-10-16","Chattel Paper","UCC","F1B643","fff","custom/custom18","a2GDm000000LG9fMAG","a1xDm000000XhSgIAK","{""prodPkgEditScreen"":""723454364762362365"",""ownershipAssignmentFieldSetName"":""LLC_BI__Bulk_Ownership_Assignment"",""editCollateralScreen"":""42363993400862416"",""copyCollateralScreen"":""42363993400862416"",""collateralScreenName"":""Collateral Creation Screen"",""collateralCopyFieldSetName"":""LLC_BI__Collateral_Creation_Screen_Configuration"",""collateralCloneFieldSetName"":""LLC_BI__Collateral_Creation_Screen_Configuration"",""addCollateralScreen"":""42363993400862416"",""addChildCollateralScreen"":""42363993400862416""}","","false","","","","false","","","","a2GDm000000LG9RMAW",""
"a1xDm000000XhS2IAK","005Dm000000nnayIAA","","UCC-Accounts","2023-02-24T16:04:45.000Z","005Dm000000nnayIAA","2023-02-24T16:04:45.000Z","005Dm000000nnayIAA","","","","","","","","80.0","","false","","","false","","2024-10-16","Accounts","UCC","F1B643","fff","custom/custom18","a2GDm000000LG9fMAG","a1xDm000000XhShIAK","{""prodPkgEditScreen"":""723454364762362365"",""ownershipAssignmentFieldSetName"":""LLC_BI__Bulk_Ownership_Assignment"",""editCollateralScreen"":""42363993400862416"",""copyCollateralScreen"":""42363993400862416"",""collateralScreenName"":""Collateral Creation Screen"",""collateralCopyFieldSetName"":""LLC_BI__Collateral_Creation_Screen_Configuration"",""collateralCloneFieldSetName"":""LLC_BI__Collateral_Creation_Screen_Configuration"",""addCollateralScreen"":""42363993400862416"",""addChildCollateralScreen"":""42363993400862416""}","","false","","","","false","","","","a2GDm000000LG9RMAW",""
"a1xDm000000XhS3IAK","005Dm000000nnayIAA","","UCC-Equipment","2023-02-24T16:04:45.000Z","005Dm000000nnayIAA","2023-02-24T16:04:45.000Z","005Dm000000nnayIAA","","","","","","","","80.0","","false","","","false","","2024-10-16","Equipment","UCC","F1B643","fff","custom/custom18","a2GDm000000LG9fMAG","a1xDm000000XhSiIAK","{""prodPkgEditScreen"":""723454364762362365"",""ownershipAssignmentFieldSetName"":""LLC_BI__Bulk_Ownership_Assignment"",""editCollateralScreen"":""42363993400862416"",""copyCollateralScreen"":""42363993400862416"",""collateralScreenName"":""Collateral Creation Screen"",""collateralCopyFieldSetName"":""LLC_BI__Collateral_Creation_Screen_Configuration"",""collateralCloneFieldSetName"":""LLC_BI__Collateral_Creation_Screen_Configuration"",""addCollateralScreen"":""42363993400862416"",""addChildCollateralScreen"":""42363993400862416""}","","false","","","","false","","","","a2GDm000000LG9RMAW",""
"a1xDm000000XhS4IAK","005Dm000000nnayIAA","","UCC-General Intangibles","2023-02-24T16:04:45.000Z","005Dm000000nnayIAA","2023-02-24T16:04:45.000Z","005Dm000000nnayIAA","","","","","","","","80.0","","false","","","false","","2024-10-16","General Intangibles","UCC","F1B643","fff","custom/custom18","a2GDm000000LG9fMAG","a1xDm000000XhSjIAK","{""prodPkgEditScreen"":""723454364762362365"",""ownershipAssignmentFieldSetName"":""LLC_BI__Bulk_Ownership_Assignment"",""editCollateralScreen"":""42363993400862416"",""copyCollateralScreen"":""42363993400862416"",""collateralScreenName"":""Collateral Creation Screen"",""collateralCopyFieldSetName"":""LLC_BI__Collateral_Creation_Screen_Configuration"",""collateralCloneFieldSetName"":""LLC_BI__Collateral_Creation_Screen_Configuration"",""addCollateralScreen"":""42363993400862416"",""addChildCollateralScreen"":""42363993400862416""}","","false","","","","false","","","","a2GDm000000LG9RMAW",""
"a1xDm000000XhS5IAK","005Dm000000nnayIAA","","UCC-Livestock","2023-02-24T16:04:45.000Z","005Dm000000nnayIAA","2023-02-24T16:04:45.000Z","005Dm000000nnayIAA","","","","","","","","80.0","","false","","","false","","2024-10-16","Livestock","UCC","F1B643","fff","custom/custom18","a2GDm000000LG9fMAG","a1xDm000000XhSlIAK","{""prodPkgEditScreen"":""723454364762362365"",""ownershipAssignmentFieldSetName"":""LLC_BI__Bulk_Ownership_Assignment"",""editCollateralScreen"":""42363993400862416"",""copyCollateralScreen"":""42363993400862416"",""collateralScreenName"":""Collateral Creation Screen"",""collateralCopyFieldSetName"":""LLC_BI__Collateral_Creation_Screen_Configuration"",""collateralCloneFieldSetName"":""LLC_BI__Collateral_Creation_Screen_Configuration"",""addCollateralScreen"":""42363993400862416"",""addChildCollateralScreen"":""42363993400862416""}","","false","","","","false","","","","a2GDm000000LG9RMAW",""
"a1xDm000000XhS6IAK","005Dm000000nnayIAA","","UCC-Farm Products","2023-02-24T16:04:45.000Z","005Dm000000nnayIAA","2023-02-24T16:04:45.000Z","005Dm000000nnayIAA","","","","","","","","80.0","","false","","","false","","2024-10-16","Farm Products","UCC","F1B643","fff","custom/custom18","a2GDm000000LG9fMAG","a1xDm000000XhSkIAK","{""prodPkgEditScreen"":""723454364762362365"",""ownershipAssignmentFieldSetName"":""LLC_BI__Bulk_Ownership_Assignment"",""editCollateralScreen"":""42363993400862416"",""copyCollateralScreen"":""42363993400862416"",""collateralScreenName"":""Collateral Creation Screen"",""collateralCopyFieldSetName"":""LLC_BI__Collateral_Creation_Screen_Configuration"",""collateralCloneFieldSetName"":""LLC_BI__Collateral_Creation_Screen_Configuration"",""addCollateralScreen"":""42363993400862416"",""addChildCollateralScreen"":""42363993400862416""}","","false","","","","false","","","","a2GDm000000LG9RMAW",""
"a1xDm000000XhS7IAK","005Dm000000nnayIAA","","UCC-Farm Equipment","2023-02-24T16:04:45.000Z","005Dm000000nnayIAA","2023-02-24T16:04:45.000Z","005Dm000000nnayIAA","","","","","","","","80.0","","false","","","false","","2024-10-16","Farm Equipment","UCC","F1B643","fff","custom/custom18","a2GDm000000LG9fMAG","a1xDm000000XhSmIAK","{""prodPkgEditScreen"":""723454364762362365"",""ownershipAssignmentFieldSetName"":""LLC_BI__Bulk_Ownership_Assignment"",""editCollateralScreen"":""42363993400862416"",""copyCollateralScreen"":""42363993400862416"",""collateralScreenName"":""Collateral Creation Screen"",""collateralCopyFieldSetName"":""LLC_BI__Collateral_Creation_Screen_Configuration"",""collateralCloneFieldSetName"":""LLC_BI__Collateral_Creation_Screen_Configuration"",""addCollateralScreen"":""42363993400862416"",""addChildCollateralScreen"":""42363993400862416""}","","false","","","","false","","","","a2GDm000000LG9RMAW",""
"a1xDm000000XhS8IAK","005Dm000000nnayIAA","","UCC-Consumer Goods","2023-02-24T16:04:45.000Z","005Dm000000nnayIAA","2023-02-24T16:04:45.000Z","005Dm000000nnayIAA","","","","","","","","80.0","","false","","","false","","2024-10-16","Consumer Goods","UCC","F1B643","fff","custom/custom18","a2GDm000000LG9fMAG","a1xDm000000XhSnIAK","{""prodPkgEditScreen"":""723454364762362365"",""ownershipAssignmentFieldSetName"":""LLC_BI__Bulk_Ownership_Assignment"",""editCollateralScreen"":""42363993400862416"",""copyCollateralScreen"":""42363993400862416"",""collateralScreenName"":""Collateral Creation Screen"",""collateralCopyFieldSetName"":""LLC_BI__Collateral_Creation_Screen_Configuration"",""collateralCloneFieldSetName"":""LLC_BI__Collateral_Creation_Screen_Configuration"",""addCollateralScreen"":""42363993400862416"",""addChildCollateralScreen"":""42363993400862416""}","","false","","","","false","","","","a2GDm000000LG9RMAW",""
"a1xDm000000XhS9IAK","005Dm000000nnayIAA","","UCC-Tort Claim","2023-02-24T16:04:45.000Z","005Dm000000nnayIAA","2023-02-24T16:04:45.000Z","005Dm000000nnayIAA","","","","","","","","80.0","","false","","","false","","2024-10-16","Tort Claim","UCC","F1B643","fff","custom/custom18","a2GDm000000LG9fMAG","a1xDm000000XhSoIAK","{""prodPkgEditScreen"":""723454364762362365"",""ownershipAssignmentFieldSetName"":""LLC_BI__Bulk_Ownership_Assignment"",""editCollateralScreen"":""42363993400862416"",""copyCollateralScreen"":""42363993400862416"",""collateralScreenName"":""Collateral Creation Screen"",""collateralCopyFieldSetName"":""LLC_BI__Collateral_Creation_Screen_Configuration"",""collateralCloneFieldSetName"":""LLC_BI__Collateral_Creation_Screen_Configuration"",""addCollateralScreen"":""42363993400862416"",""addChildCollateralScreen"":""42363993400862416""}","","false","","","","false","","","","a2GDm000000LG9RMAW",""
"a1xDm000000XhSAIA0","005Dm000000nnayIAA","","UCC-Crops","2023-02-24T16:04:45.000Z","005Dm000000nnayIAA","2023-02-24T16:04:45.000Z","005Dm000000nnayIAA","","","","","","","","80.0","","false","","","false","","2024-10-16","Crops","UCC","F1B643","fff","custom/custom18","a2GDm000000LG9fMAG","a1xDm000000XhSpIAK","{""prodPkgEditScreen"":""723454364762362365"",""ownershipAssignmentFieldSetName"":""LLC_BI__Bulk_Ownership_Assignment"",""editCollateralScreen"":""42363993400862416"",""copyCollateralScreen"":""42363993400862416"",""collateralScreenName"":""Collateral Creation Screen"",""collateralCopyFieldSetName"":""LLC_BI__Collateral_Creation_Screen_Configuration"",""collateralCloneFieldSetName"":""LLC_BI__Collateral_Creation_Screen_Configuration"",""addCollateralScreen"":""42363993400862416"",""addChildCollateralScreen"":""42363993400862416""}","","false","","","","false","","","","a2GDm000000LG9RMAW",""
"a1xDm000000XhSBIA0","005Dm000000nnayIAA","","UCC-Fixtures","2023-02-24T16:04:45.000Z","005Dm000000nnayIAA","2023-02-24T16:04:45.000Z","005Dm000000nnayIAA","","","","","","","","80.0","","false","","","false","","2024-10-16","Fixtures","UCC","F1B643","fff","custom/custom18","a2GDm000000LG9fMAG","a1xDm000000XhSqIAK","{""prodPkgEditScreen"":""723454364762362365"",""ownershipAssignmentFieldSetName"":""LLC_BI__Bulk_Ownership_Assignment"",""editCollateralScreen"":""42363993400862416"",""copyCollateralScreen"":""42363993400862416"",""collateralScreenName"":""Collateral Creation Screen"",""collateralCopyFieldSetName"":""LLC_BI__Collateral_Creation_Screen_Configuration"",""collateralCloneFieldSetName"":""LLC_BI__Collateral_Creation_Screen_Configuration"",""addCollateralScreen"":""42363993400862416"",""addChildCollateralScreen"":""42363993400862416""}","","false","","","","false","","","","a2GDm000000LG9RMAW",""
"a1xDm000000XhSCIA0","005Dm000000nnayIAA","","UCC-Standing Timber","2023-02-24T16:04:45.000Z","005Dm000000nnayIAA","2023-02-24T16:04:45.000Z","005Dm000000nnayIAA","","","","","","","","80.0","","false","","","false","","2024-10-16","Standing Timber","UCC","F1B643","fff","custom/custom18","a2GDm000000LG9fMAG","a1xDm000000XhSrIAK","{""prodPkgEditScreen"":""723454364762362365"",""ownershipAssignmentFieldSetName"":""LLC_BI__Bulk_Ownership_Assignment"",""editCollateralScreen"":""42363993400862416"",""copyCollateralScreen"":""42363993400862416"",""collateralScreenName"":""Collateral Creation Screen"",""collateralCopyFieldSetName"":""LLC_BI__Collateral_Creation_Screen_Configuration"",""collateralCloneFieldSetName"":""LLC_BI__Collateral_Creation_Screen_Configuration"",""addCollateralScreen"":""42363993400862416"",""addChildCollateralScreen"":""42363993400862416""}","","false","","","","false","","","","a2GDm000000LG9RMAW",""
"a1xDm000000XhSDIA0","005Dm000000nnayIAA","","UCC-Minerals, Oil and Gas","2023-02-24T16:04:45.000Z","005Dm000000nnayIAA","2023-02-24T16:04:45.000Z","005Dm000000nnayIAA","","","","","","","","80.0","","false","","","false","","2024-10-16","Minerals, Oil and Gas","UCC","F1B643","fff","custom/custom18","a2GDm000000LG9fMAG","a1xDm000000XhSsIAK","{""prodPkgEditScreen"":""723454364762362365"",""ownershipAssignmentFieldSetName"":""LLC_BI__Bulk_Ownership_Assignment"",""editCollateralScreen"":""42363993400862416"",""copyCollateralScreen"":""42363993400862416"",""collateralScreenName"":""Collateral Creation Screen"",""collateralCopyFieldSetName"":""LLC_BI__Collateral_Creation_Screen_Configuration"",""collateralCloneFieldSetName"":""LLC_BI__Collateral_Creation_Screen_Configuration"",""addCollateralScreen"":""42363993400862416"",""addChildCollateralScreen"":""42363993400862416""}","","false","","","","false","","","","a2GDm000000LG9RMAW",""
"a1xDm000000XhSEIA0","005Dm000000nnayIAA","","Real Estate-Multi-Family","2023-02-24T16:04:45.000Z","005Dm000000nnayIAA","2023-02-24T16:04:45.000Z","005Dm000000nnayIAA","","","","","","","","80.0","","false","","","false","","2024-10-16","Multi-Family","Real Estate","670B7B","fff","custom/custom24","a2GDm000000LG9SMAW","a1xDm000000XhStIAK","{""prodPkgEditScreen"":""723454364762362365"",""ownershipAssignmentFieldSetName"":""LLC_BI__Bulk_Ownership_Assignment"",""editCollateralScreen"":""42363993400862416"",""copyCollateralScreen"":""42363993400862416"",""collateralScreenName"":""Collateral Creation Screen"",""collateralCopyFieldSetName"":""LLC_BI__Collateral_Creation_Screen_Configuration"",""collateralCloneFieldSetName"":""LLC_BI__Collateral_Creation_Screen_Configuration"",""addCollateralScreen"":""42363993400862416"",""addChildCollateralScreen"":""42363993400862416""}","","false","","","","false","","","","a2GDm000000LG9RMAW",""
"a1xDm000000XhSFIA0","005Dm000000nnayIAA","","Real Estate-Lot","2023-02-24T16:04:45.000Z","005Dm000000nnayIAA","2023-02-24T16:04:45.000Z","005Dm000000nnayIAA","","","","","","","","80.0","","false","","","false","","2024-10-16","Lot","Real Estate","670B7B","fff","custom/custom24","a2GDm000000LG9SMAW","a1xDm000000XhSuIAK","{""prodPkgEditScreen"":""723454364762362365"",""ownershipAssignmentFieldSetName"":""LLC_BI__Bulk_Ownership_Assignment"",""editCollateralScreen"":""42363993400862416"",""copyCollateralScreen"":""42363993400862416"",""collateralScreenName"":""Collateral Creation Screen"",""collateralCopyFieldSetName"":""LLC_BI__Collateral_Creation_Screen_Configuration"",""collateralCloneFieldSetName"":""LLC_BI__Collateral_Creation_Screen_Configuration"",""addCollateralScreen"":""42363993400862416"",""addChildCollateralScreen"":""42363993400862416""}","","false","","","","false","","","","a2GDm000000LG9RMAW",""
"a1xDm000000XhSGIA0","005Dm000000nnayIAA","","Real Estate-Mobile Home","2023-02-24T16:04:45.000Z","005Dm000000nnayIAA","2023-02-24T16:04:45.000Z","005Dm000000nnayIAA","","","","","","","","80.0","","false","","","false","","2024-10-16","Mobile Home","Real Estate","670B7B","fff","custom/custom24","a2GDm000000LG9SMAW","a1xDm000000XhSvIAK","{""prodPkgEditScreen"":""723454364762362365"",""ownershipAssignmentFieldSetName"":""LLC_BI__Bulk_Ownership_Assignment"",""editCollateralScreen"":""42363993400862416"",""copyCollateralScreen"":""42363993400862416"",""collateralScreenName"":""Collateral Creation Screen"",""collateralCopyFieldSetName"":""LLC_BI__Collateral_Creation_Screen_Configuration"",""collateralCloneFieldSetName"":""LLC_BI__Collateral_Creation_Screen_Configuration"",""addCollateralScreen"":""42363993400862416"",""addChildCollateralScreen"":""42363993400862416""}","","false","","","","false","","","","a2GDm000000LG9RMAW",""
"a1xDm000000XhSHIA0","005Dm000000nnayIAA","","Real Estate-Land","2023-02-24T16:04:45.000Z","005Dm000000nnayIAA","2023-02-24T16:04:45.000Z","005Dm000000nnayIAA","","","","","","","","80.0","","false","","","false","","2024-10-16","Land","Real Estate","670B7B","fff","custom/custom24","a2GDm000000LG9SMAW","a1xDm000000XhSwIAK","{""prodPkgEditScreen"":""723454364762362365"",""ownershipAssignmentFieldSetName"":""LLC_BI__Bulk_Ownership_Assignment"",""editCollateralScreen"":""42363993400862416"",""copyCollateralScreen"":""42363993400862416"",""collateralScreenName"":""Collateral Creation Screen"",""collateralCopyFieldSetName"":""LLC_BI__Collateral_Creation_Screen_Configuration"",""collateralCloneFieldSetName"":""LLC_BI__Collateral_Creation_Screen_Configuration"",""addCollateralScreen"":""42363993400862416"",""addChildCollateralScreen"":""42363993400862416""}","","false","","","","false","","","","a2GDm000000LG9RMAW",""
"a1xDm000000XhSIIA0","005Dm000000nnayIAA","","Real Estate-Farm Land","2023-02-24T16:04:45.000Z","005Dm000000nnayIAA","2023-02-24T16:04:45.000Z","005Dm000000nnayIAA","","","","","","","","80.0","","false","","","false","","2024-10-16","Farm Land","Real Estate","670B7B","fff","custom/custom24","a2GDm000000LG9SMAW","a1xDm000000XhSxIAK","{""prodPkgEditScreen"":""723454364762362365"",""ownershipAssignmentFieldSetName"":""LLC_BI__Bulk_Ownership_Assignment"",""editCollateralScreen"":""42363993400862416"",""copyCollateralScreen"":""42363993400862416"",""collateralScreenName"":""Collateral Creation Screen"",""collateralCopyFieldSetName"":""LLC_BI__Collateral_Creation_Screen_Configuration"",""collateralCloneFieldSetName"":""LLC_BI__Collateral_Creation_Screen_Configuration"",""addCollateralScreen"":""42363993400862416"",""addChildCollateralScreen"":""42363993400862416""}","","false","","","","false","","","","a2GDm000000LG9RMAW",""
"a1xDm000000XhSJIA0","005Dm000000nnayIAA","","Real Estate-Office","2023-02-24T16:04:45.000Z","005Dm000000nnayIAA","2023-02-24T16:04:45.000Z","005Dm000000nnayIAA","","","","","","","","80.0","","false","","","false","","2024-10-16","Office","Real Estate","670B7B","fff","custom/custom24","a2GDm000000LG9SMAW","a1xDm000000XhSyIAK","{""prodPkgEditScreen"":""723454364762362365"",""ownershipAssignmentFieldSetName"":""LLC_BI__Bulk_Ownership_Assignment"",""editCollateralScreen"":""42363993400862416"",""copyCollateralScreen"":""42363993400862416"",""collateralScreenName"":""Collateral Creation Screen"",""collateralCopyFieldSetName"":""LLC_BI__Collateral_Creation_Screen_Configuration"",""collateralCloneFieldSetName"":""LLC_BI__Collateral_Creation_Screen_Configuration"",""addCollateralScreen"":""42363993400862416"",""addChildCollateralScreen"":""42363993400862416""}","","false","","","","false","","","","a2GDm000000LG9RMAW",""
"a1xDm000000XhSKIA0","005Dm000000nnayIAA","","Real Estate-Warehouse","2023-02-24T16:04:45.000Z","005Dm000000nnayIAA","2023-02-24T16:04:45.000Z","005Dm000000nnayIAA","","","","","","","","80.0","","false","","","false","","2024-10-16","Warehouse","Real Estate","670B7B","fff","custom/custom24","a2GDm000000LG9SMAW","a1xDm000000XhSzIAK","{""prodPkgEditScreen"":""723454364762362365"",""ownershipAssignmentFieldSetName"":""LLC_BI__Bulk_Ownership_Assignment"",""editCollateralScreen"":""42363993400862416"",""copyCollateralScreen"":""42363993400862416"",""collateralScreenName"":""Collateral Creation Screen"",""collateralCopyFieldSetName"":""LLC_BI__Collateral_Creation_Screen_Configuration"",""collateralCloneFieldSetName"":""LLC_BI__Collateral_Creation_Screen_Configuration"",""addCollateralScreen"":""42363993400862416"",""addChildCollateralScreen"":""42363993400862416""}","","false","","","","false","","","","a2GDm000000LG9RMAW",""
"a1xDm000000XhSLIA0","005Dm000000nnayIAA","","Real Estate-Retail","2023-02-24T16:04:45.000Z","005Dm000000nnayIAA","2023-02-24T16:04:45.000Z","005Dm000000nnayIAA","","","","","","","","80.0","","false","","","false","","2024-10-16","Retail","Real Estate","670B7B","fff","custom/custom24","a2GDm000000LG9SMAW","a1xDm000000XhT0IAK","{""prodPkgEditScreen"":""723454364762362365"",""ownershipAssignmentFieldSetName"":""LLC_BI__Bulk_Ownership_Assignment"",""editCollateralScreen"":""42363993400862416"",""copyCollateralScreen"":""42363993400862416"",""collateralScreenName"":""Collateral Creation Screen"",""collateralCopyFieldSetName"":""LLC_BI__Collateral_Creation_Screen_Configuration"",""collateralCloneFieldSetName"":""LLC_BI__Collateral_Creation_Screen_Configuration"",""addCollateralScreen"":""42363993400862416"",""addChildCollateralScreen"":""42363993400862416""}","","false","","","","false","","","","a2GDm000000LG9RMAW",""
"a1xDm000000XhSMIA0","005Dm000000nnayIAA","","Real Estate-Other RE","2023-02-24T16:04:45.000Z","005Dm000000nnayIAA","2023-02-24T16:04:45.000Z","005Dm000000nnayIAA","","","","","","","","80.0","","false","","","false","","2024-10-16","Other RE","Real Estate","670B7B","fff","custom/custom24","a2GDm000000LG9SMAW","a1xDm000000XhT1IAK","{""prodPkgEditScreen"":""723454364762362365"",""ownershipAssignmentFieldSetName"":""LLC_BI__Bulk_Ownership_Assignment"",""editCollateralScreen"":""42363993400862416"",""copyCollateralScreen"":""42363993400862416"",""collateralScreenName"":""Collateral Creation Screen"",""collateralCopyFieldSetName"":""LLC_BI__Collateral_Creation_Screen_Configuration"",""collateralCloneFieldSetName"":""LLC_BI__Collateral_Creation_Screen_Configuration"",""addCollateralScreen"":""42363993400862416"",""addChildCollateralScreen"":""42363993400862416""}","","false","","","","false","","","","a2GDm000000LG9RMAW",""
"a1xDm000000XhSNIA0","005Dm000000nnayIAA","","Other-Government Contracts","2023-02-24T16:04:45.000Z","005Dm000000nnayIAA","2023-02-24T16:04:45.000Z","005Dm000000nnayIAA","","","","","","","","80.0","","false","","","false","","2024-10-16","Government Contracts","Other","#62b7ed","#ffffff","standard/work_order","a2GDm000000LG9gMAG","a1xDm000000XhT2IAK","{""prodPkgEditScreen"":""723454364762362365"",""ownershipAssignmentFieldSetName"":""LLC_BI__Bulk_Ownership_Assignment"",""editCollateralScreen"":""42363993400862416"",""copyCollateralScreen"":""42363993400862416"",""collateralScreenName"":""Collateral Creation Screen"",""collateralCopyFieldSetName"":""LLC_BI__Collateral_Creation_Screen_Configuration"",""collateralCloneFieldSetName"":""LLC_BI__Collateral_Creation_Screen_Configuration"",""addCollateralScreen"":""42363993400862416"",""addChildCollateralScreen"":""42363993400862416""}","","false","","","","false","","","","a2GDm000000LG9RMAW",""
"a1xDm000000XhSOIA0","005Dm000000nnayIAA","","Titled-Vessel","2023-02-24T16:04:45.000Z","005Dm000000nnayIAA","2023-02-24T16:04:45.000Z","005Dm000000nnayIAA","","","","","","","","80.0","","false","","","false","","2024-10-16","Vessel","Titled","Ba202E","fff","custom/custom31","a2GDm000000LG9hMAG","42169659888448928","{""prodPkgEditScreen"":""723454364762362365"",""ownershipAssignmentFieldSetName"":""LLC_BI__Bulk_Ownership_Assignment"",""editCollateralScreen"":""42363993400862416"",""copyCollateralScreen"":""42363993400862416"",""collateralScreenName"":""Collateral Creation Screen"",""collateralCopyFieldSetName"":""LLC_BI__Collateral_Creation_Screen_Configuration"",""collateralCloneFieldSetName"":""LLC_BI__Collateral_Creation_Screen_Configuration"",""addCollateralScreen"":""42363993400862416"",""addChildCollateralScreen"":""42363993400862416""}","","false","","","","false","","","","a2GDm000000LG9RMAW",""
