"Id","OwnerId","IsDeleted","Name","CreatedDate","CreatedById","LastModifiedDate","LastModifiedById","SystemModstamp","LastViewedDate","LastReferencedDate","ConnectionReceivedId","ConnectionSentId","nFORCE__Alternate_Label__c","nFORCE__Conditional_Display_Criteria__c","nFORCE__Default_Value__c","nFORCE__Field_Hint__c","nFORCE__Field_Name__c","nFORCE__Format_Description__c","nFORCE__Format_Enabled__c","nFORCE__Format_Expression__c","nFORCE__Format_Message__c","nFORCE__Is_Hidden__c","nFORCE__Is_Read_Only__c","nFORCE__Is_Required__c","nFORCE__Output_Expression__c","nFORCE__Route__c","nFORCE__SLDS_Column_Size__c","nFORCE__Screen_Section__c","nFORCE__Tooltip_Contents__c","nFORCE__Tooltip_Enabled__c","nFORCE__Tooltip_Text__c","nFORCE__lookupKey__c","nFORCE__sObject_Name__c","nFORCE__Is_Editable__c","nFORCE__Autocomplete_Attribute_Value__c","nFORCE__Is_Header__c","nFORCE__Is_Important__c","nFORCE__Filter_Criteria__c","nFORCE__Filter_Display_Name__c","nFORCE__Is_Active__c","nFORCE__Is_Filter_Active__c","nFORCE__Is_Conditional_Lookup__c","nFORCE__Defined_Picklist_Values__c","nFORCE__Address_Part__c"
"a3TDm000000bqZoMAI","005Dm000001PCR8IAO","","FC-000000","2023-02-24T16:04:45.000Z","005Dm000001PCR8IAO","2023-02-24T16:04:45.000Z","005Dm000000nnayIAA","","","","","","","","","","nFORCE__Field_Name__c","","false","","","true","false","false","","","","a2FDm000000HEBXMA4","","false","","a3TDm000000bqZoMAI","nFORCE__Field_Configuration__c","false","","false","false","","","false","false","false","",""
"a3TDm000000bqZpMAI","005Dm000001PCR8IAO","","FC-000001","2023-02-24T16:04:45.000Z","005Dm000001PCR8IAO","2023-02-24T16:04:45.000Z","005Dm000000nnayIAA","","","","","","","","","","nFORCE__Field_Name__c","","false","","","true","false","false","","","","a2FDm000000HEBXMA4","","false","","a3TDm000000bqZpMAI","nFORCE__Field_Configuration__c","false","","false","false","","","false","false","false","",""
"a3TDm000000bqZqMAI","005Dm000001PCR8IAO","","FC-000002","2023-02-24T16:04:45.000Z","005Dm000001PCR8IAO","2023-02-24T16:04:45.000Z","005Dm000000nnayIAA","","","","","","","","","","nFORCE__Field_Name__c","","false","","","true","false","false","","","","a2FDm000000HEBXMA4","","false","","a3TDm000000bqZqMAI","nFORCE__Field_Configuration__c","false","","false","false","","","false","false","false","",""
"a3TDm000000bqZrMAI","005Dm000000nnayIAA","","FC-000004","2023-02-24T16:04:45.000Z","005Dm000000nnayIAA","2023-02-24T16:04:45.000Z","005Dm000000nnayIAA","","","","","","","","","","LLC_BI__Tiers__c","","false","","","false","false","false","","","","a2FDm000000HEBtMAO","","false","","a3TDm000000bqZrMAI","LLC_BI__Bill_Point__c","false","","false","false","","","false","false","false","",""
"a3TDm000000bqZsMAI","005Dm000000nnayIAA","","FC-000005","2023-02-24T16:04:45.000Z","005Dm000000nnayIAA","2023-02-24T16:04:45.000Z","005Dm000000nnayIAA","","","","","","","","","","LLC_BI__Price__c","","false","","","false","false","false","","","","a2FDm000000HEBtMAO","","false","","a3TDm000000bqZsMAI","LLC_BI__Bill_Point__c","false","","false","false","","","false","false","false","",""
"a3TDm000000bqZuMAI","005Dm000000nnayIAA","","FC-000006","2023-02-24T16:04:45.000Z","005Dm000000nnayIAA","2023-02-24T16:04:45.000Z","005Dm000000nnayIAA","","","","","","","","","","Name","","false","","","false","true","false","","","","a2FDm000000HEC3MAO","","false","","42693787520535212","LLC_BI__Loan__r","false","","false","false","","","false","false","false","",""
"a3TDm000000bqakMAA","005Dm000000nnayIAA","","FC-000098","2023-02-24T16:04:45.000Z","005Dm000000nnayIAA","2023-02-24T16:04:45.000Z","005Dm000000nnayIAA","","","","","","","","","","Name","","false","","","false","true","false","","","","a2FDm000000HEQ2MAO","","false","","575766443567986","LLC_BI__Credit_Memo_Modifcation__c","false","","false","false","","","false","false","false","",""
"a3TDm000000bqalMAA","005Dm000000nnayIAA","","FC-000099","2023-02-24T16:04:45.000Z","005Dm000000nnayIAA","2023-02-24T16:04:45.000Z","005Dm000000nnayIAA","","","","","","","","","","LLC_BI__Approval_Status__c","","false","","","false","true","false","","","","a2FDm000000HEQ2MAO","","false","","42937821374556311","LLC_BI__Credit_Memo_Modifcation__c","false","","false","false","","","false","false","false","",""
"a3TDm000000bqb0MAA","005Dm000000nnayIAA","","FC-000097","2023-02-24T16:04:45.000Z","005Dm000000nnayIAA","2023-02-24T16:04:45.000Z","005Dm000000nnayIAA","","","","","","","","","","Mailing_Address_nCino__c","","false","","","false","false","false","","","","a2FDm000000HEHSMA4","","false","","42812119698671086","Contact","false","","false","false","","","false","false","false","",""
"a3TDm000000bqb1MAA","005Dm000000nnayIAA","","FC-000088","2023-02-24T16:04:45.000Z","005Dm000000nnayIAA","2023-02-24T16:04:45.000Z","005Dm000000nnayIAA","","","","","","","","","","Name","","false","","","false","true","false","","","","a2FDm000000HECOMA4","","false","","239625719236459201","LLC_BI__Loan__r","false","","false","false","","","false","false","false","",""
"a3TDm000000bqb2MAA","005Dm000000nnayIAA","","FC-000016","2023-02-24T16:04:45.000Z","005Dm000000nnayIAA","2023-02-24T16:04:45.000Z","005Dm000000nnayIAA","","","","","","","","","","Name","","false","","","false","true","false","","","","a2FDm000000HEC3MAO","","false","","42258866755038037","LLC_BI__Loan__r","false","","false","false","","","false","false","false","",""
"a3TDm000000bqb3MAA","005Dm000000nnayIAA","","FC-000017","2023-02-24T16:04:45.000Z","005Dm000000nnayIAA","2023-02-24T16:04:45.000Z","005Dm000000nnayIAA","","","","","","","","","","LLC_BI__Allocated_Facility_Amount__c","","false","","","false","true","false","","","","a2FDm000000HEEVMA4","","false","","42182148697712431","LLC_BI__Loan__c","false","","false","false","","","false","false","false","",""
"a3TDm000000bqb4MAA","005Dm000000nnayIAA","","FC-000018","2023-02-24T16:04:45.000Z","005Dm000000nnayIAA","2023-02-24T16:04:45.000Z","005Dm000000nnayIAA","","","","","","","","","","Name","","false","","","false","true","false","","","","a2FDm000000HEC3MAO","","false","","42987232468683575","LLC_BI__Loan__r","false","","false","false","","","false","false","false","",""
"a3TDm000000bqb5MAA","005Dm000000nnayIAA","","FC-000013","2023-02-24T16:04:45.000Z","005Dm000000nnayIAA","2023-02-24T16:04:45.000Z","005Dm000000nnayIAA","","","","","","","","","","Name","","false","","","false","true","false","","","","a2FDm000000HECJMA4","","false","","21378021376520","LLC_BI__Loan__r","false","","false","false","","","false","false","false","",""
