"Id","IsDeleted","Name","SetupOwnerId","CreatedDate","CreatedById","LastModifiedDate","LastModifiedById","SystemModstamp","LLC_BI__Category_Name__c","LLC_BI__Is_Active__c","LLC_BI__Key__c","LLC_BI__Value__c","LLC_BI__Description__c"
"a1DDm000000kUmxMAE","","42797660592160121","","2023-02-24T16:04:45.000Z","005Dm000000nnayIAA","2023-02-24T16:04:45.000Z","005Dm000000nnayIAA","","underwriting","true","ncred_webpack_resource","nCRED__vf_includes",""
"a1DDm000000kUmyMAE","","42892025178781697","","2023-02-24T16:04:45.000Z","005Dm000000nnayIAA","2023-02-24T16:04:45.000Z","005Dm000000nnayIAA","","underwriting","true","section.Income Statement.hide","false",""
"a1DDm000000kUmzMAE","","42388590213150700","","2023-02-24T16:04:45.000Z","005Dm000000nnayIAA","2023-02-24T16:04:45.000Z","005Dm000000nnayIAA","","underwriting","true","section.Income Statement.render","false",""
"a1DDm000000kUn0MAE","","42729093741145130","","2023-02-24T16:04:45.000Z","005Dm000000nnayIAA","2023-02-24T16:04:45.000Z","005Dm000000nnayIAA","","underwriting","true","section.Balance Sheet.order","8",""
"a1DDm000000kUn1MAE","","42980559692389223","","2023-02-24T16:04:45.000Z","005Dm000000nnayIAA","2023-02-24T16:04:45.000Z","005Dm000000nnayIAA","","underwriting","true","section.Income Statement.order","7",""
"a1DDm000000kUn2MAE","","42923667201855594","","2023-02-24T16:04:45.000Z","005Dm000000nnayIAA","2023-02-24T16:04:45.000Z","005Dm000000nnayIAA","","underwriting","true","section.Balance Sheet.hide","false",""
"a1DDm000000kUn3MAE","","42243265222135256","","2023-02-24T16:04:45.000Z","005Dm000000nnayIAA","2023-02-24T16:04:45.000Z","005Dm000000nnayIAA","","underwriting","true","section.Balance Sheet.render","false",""
"a1DDm000000kUn4MAE","","42844254584470830","","2023-02-24T16:04:45.000Z","005Dm000000nnayIAA","2023-02-24T16:04:45.000Z","005Dm000000nnayIAA","","underwriting","true","section.Personal Financial Statement.hide","false",""
"a1DDm000000kUn5MAE","","42318646524126507","","2023-02-24T16:04:45.000Z","005Dm000000nnayIAA","2023-02-24T16:04:45.000Z","005Dm000000nnayIAA","","underwriting","true","section.Personal Financial Statement.render","false",""
"a1DDm000000kUn6MAE","","42955239220352579","","2023-02-24T16:04:45.000Z","005Dm000000nnayIAA","2023-02-24T16:04:45.000Z","005Dm000000nnayIAA","","underwriting","true","section.Personal Financial Statement.order","11",""
"a1DDm000000kUn7MAE","","42283732342246056","","2023-02-24T16:04:45.000Z","005Dm000000nnayIAA","2023-02-24T16:04:45.000Z","005Dm000000nnayIAA","","underwriting","true","section.Budget.hide","false",""
"a1DDm000000kUn8MAE","","42310995049989147","","2023-02-24T16:04:45.000Z","005Dm000000nnayIAA","2023-02-24T16:04:45.000Z","005Dm000000nnayIAA","","underwriting","true","section.Budget.render","false",""
"a1DDm000000kUn9MAE","","42833878844792387","","2023-02-24T16:04:45.000Z","005Dm000000nnayIAA","2023-02-24T16:04:45.000Z","005Dm000000nnayIAA","","complex_deal_support","true","Disable_No_Action_Cloning","true",""
"a1DDm000000kUnAMAU","","42057856355613198","","2023-02-24T16:04:45.000Z","005Dm000000nnayIAA","2023-02-24T16:04:45.000Z","005Dm000000nnayIAA","","underwriting","true","section.Budget.order","12",""
"a1DDm000000kUnBMAU","","42197077597208867","","2023-02-24T16:04:45.000Z","005Dm000000nnayIAA","2023-02-24T16:04:45.000Z","005Dm000000nnayIAA","","Credit Memo","true","credit_memo_display_empty_narratives","true",""
"a1DDm000000kUnCMAU","","42289189592915091","","2023-02-24T16:04:45.000Z","005Dm000000nnayIAA","2023-02-24T16:04:45.000Z","005Dm000000nnayIAA","","MEMO","true","AutoGeneratedCategories","",""
"a1DDm000000kUnDMAU","","42321731563139104","","2023-02-24T16:04:45.000Z","005Dm000000nnayIAA","2023-02-24T16:04:45.000Z","005Dm000000nnayIAA","","decline_withdraw_from_highest_down","true","decline_withdraw_from_highest_down","false",""
"a1DDm000000kUnEMAU","","TM Proforma Options Account","","2023-02-24T16:04:45.000Z","005Dm000000nnayIAA","2023-02-24T16:04:45.000Z","005Dm000000nnayIAA","","TM Proforma","true","TM_Proforma_Options_Account","Account_Proforma_ECA","This field indicates the field set that will be used to display the fields on the Scenario Options modal that are on the Account object"
"a1DDm000000kUnFMAU","","TM Proforma Options Scenario","","2023-02-24T16:04:45.000Z","005Dm000000nnayIAA","2023-02-24T16:04:45.000Z","005Dm000000nnayIAA","","TM Proforma","true","TM_Proforma_Options_Scenario","Scenario_Proforma_ECA","This field indicates the field set that will be use to display the fields on the Scenario Options modal that are on the Scenario object"
"a1DDm000000kUnGMAU","","TM Proforma Quantity Pricing","","2023-02-24T16:04:45.000Z","005Dm000000nnayIAA","2023-02-24T16:04:45.000Z","005Dm000000nnayIAA","","TM Proforma","true","TM_Proforma_Quantity_Pricing_Page","TM_Proforma_Quantity_Pricing","This field indicates the field set that will be use to display the fields on the Proforma Quantity and Pricing screen"
"a1DDm000000kUnHMAU","","TM Proforma Default Style","","2023-02-24T16:04:45.000Z","005Dm000000nnayIAA","2023-02-24T16:04:45.000Z","005Dm000000nnayIAA","","TM Proforma","true","TM_Proforma_Default_Style","/resource/1510692211595/LLC_BI__ncProforma/css/Style.css","This field indicates the static resource name for the default styles of Proforma base page and template."
"a1DDm000000kUnIMAU","","TM Proforma Total Quantity Pricing","","2023-02-24T16:04:45.000Z","005Dm000000nnayIAA","2023-02-24T16:04:45.000Z","005Dm000000nnayIAA","","TM Proforma","true","TM_Proforma_Total_Quantity_Pricing","TM_Proforma_Total_Quantity_Pricing","This field indicates field-set is used to display the configurable columns in the summary row on the Proforma Quantity and Pricing screen"
"a1DDm000000kUnJMAU","","Scenario Card Screen","","2023-02-24T16:04:45.000Z","005Dm000000nnayIAA","2023-02-24T16:04:45.000Z","005Dm000000nnayIAA","","TM Proforma","true","Scenario_Card_Screen","Scenario_Card_Screen","This field indicates the value of the lookup_key for the Screen record used to define the Scenario Card layout"
"a1DDm000000kUnKMAU","","TM Proforma Default Convert Stage","","2023-02-24T16:04:45.000Z","005Dm000000nnayIAA","2023-02-24T16:04:45.000Z","005Dm000000nnayIAA","","TM Proforma","true","TM_Proforma_Default_Convert_Stage","Order Entry",""
"a1DDm000000kUnLMAU","","Booked_Loan_Trigger_Handler","","2023-02-24T16:04:45.000Z","005Dm000000nnayIAA","2023-02-24T16:04:45.000Z","005Dm000000nnayIAA","","Booked_Loan_Trigger_Handler","true","Disable_Lien_Creation","false",""
"a1DDm000000kUnMMAU","","collateral_creation","","2023-02-24T16:04:45.000Z","005Dm000000nnayIAA","2023-02-24T16:04:45.000Z","005Dm000000nnayIAA","","collateral_creation","true","create_child_same_type","true",""
"a1DDm000000kUnNMAU","","42850263832301271","","2023-02-24T16:04:45.000Z","005Dm000000nnayIAA","2023-02-24T16:04:45.000Z","005Dm000000nnayIAA","","LoanLifeCycleSearchCategory","true","LoanLifeCycleSearchKey","false",""
"a1DDm000000kUnOMAU","","42527161401016274","","2023-02-24T16:04:45.000Z","005Dm000001PCR9IAO","2023-02-24T16:04:45.000Z","005Dm000001PCR9IAO","","Manage Loan Fees","true","Fees Per Page","50",""
"a1DDm000000kUnPMAU","","42273781873254846","","2023-02-24T16:04:45.000Z","005Dm000001PCR9IAO","2023-02-24T16:04:45.000Z","005Dm000001PCR9IAO","","MEMO","true","AutoGeneratedCategories","",""
"a1DDm000000kUnQMAU","","DFA2996A_BC25_4DFE_A44A_BCCB7BB727CC","","2023-02-24T16:04:45.000Z","005Dm000001PCR9IAO","2023-02-24T16:04:45.000Z","005Dm000001PCR9IAO","","system_admin","true","last_installed_by_id","005Dm000001PCR9IAO",""
"a1DDm000000kUnRMAU","","7EB5DA02_BAA2_4AF5_8586_5F267D94EB75","","2023-02-24T16:04:45.000Z","005Dm000001PCR9IAO","2023-02-24T16:04:45.000Z","005Dm000001PCR9IAO","","system_admin","true","last_installed_time","1541455172821",""
"a1DDm000000kUnSMAU","","16976AAC_96E0_4096_A603_997E758E901D","","2023-02-24T16:04:45.000Z","005Dm000001PCR9IAO","2023-02-24T16:04:45.000Z","005Dm000001PCR9IAO","","Loan_Facility_Creation","false","Hide_Loan_Name","Temporary Name Value","When this system property is active, the loan name does not render on the Loan Facility Creation page. The value is the temporary name created for any new loan or facility. By default, it is inactive."
"a1DDm000000kUnTMAU","","6FC36E5F_2345_4321_8618_30C376FA5741","","2023-02-24T16:04:45.000Z","005Dm000001PCR9IAO","2023-02-24T16:04:45.000Z","005Dm000000nnayIAA","","Loan_Facility_Creation","true","Additional_Fields_Default_Screen","Default_Loan_Facility_Creation_Additional_Fields","This is the lookup key for the default screen utilized in additional fields."
"a1DDm000000kUnUMAU","","42062046647961870","","2023-02-24T16:04:45.000Z","005Dm000001PCR9IAO","2023-02-24T16:04:45.000Z","005Dm000001PCR9IAO","","complex_deal_support","true","inactive_package_stages","Complete",""
"a1DDm000000kUnVMAU","","42472444434870719","","2023-02-24T16:04:45.000Z","005Dm000001PCR9IAO","2023-02-24T16:04:45.000Z","005Dm000001PCR9IAO","","complex_deal_support","true","inactive_package_statuses","Rejected,Recalled,Declined,Complete,Lost,Withdrawn,Intermediately Rejected",""
"a1DDm000000kUnWMAU","","Show Setup Fee","","2023-02-24T16:04:45.000Z","005Dm000001PCR9IAO","2023-02-24T16:04:45.000Z","005Dm000001PCR9IAO","","TM Proforma","true","TM_Proforma_Show_Setup_Fee","True","This system property gives administrators the option to display the Setup Fee total on the Proforma Summary card. By default, the system property value is set to true, and the Setup Fee total displays on the Proforma Summary card."
"a1DDm000000kUnXMAU","","42152955916191256","","2023-02-24T16:04:45.000Z","005Dm000001PCRAIA4","2023-02-24T16:04:45.000Z","005Dm000001PCRAIA4","","underwriting","true","Spreads 2018 R2","true",""
"a1DDm000000kUnYMAU","","42635321148244846","","2023-02-24T16:04:45.000Z","005Dm000001PCRAIA4","2023-02-24T16:04:45.000Z","005Dm000001PCRAIA4","","underwriting","true","NOI 2018 R1","true",""
"a1DDm000000kUnZMAU","","1D3BA638_465D_4C6B_8806_CE4DC8AA53F2","","2023-02-24T16:04:45.000Z","005Dm000001PCRkIAO","2023-02-24T16:04:45.000Z","005Dm000001PCRkIAO","","FormsLite","true","SaveAttachment","true",""
"a1DDm000000kUnaMAE","","F2E6A6BD_FCFB_48C2_93DF_D0DFF3871F06","","2023-02-24T16:04:45.000Z","005Dm000001PCRkIAO","2023-02-24T16:04:45.000Z","005Dm000001PCRkIAO","","FormsDocumentManager","true","SaveToDocumentManager","true",""
"a1DDm000000kUnbMAE","","EE188F14_2547_4A2A_BAA5_A8D83BEE4FAB","","2023-02-24T16:04:45.000Z","005Dm000000nnayIAA","2023-02-24T16:04:45.000Z","005Dm000000nnayIAA","","system_admin","true","enable_batch_button","true",""
"a1DDm000000kUncMAE","","843352574446501844","","2023-02-24T16:04:45.000Z","005Dm000000nnayIAA","2023-02-24T16:04:45.000Z","005Dm000000nnayIAA","","CSA Customer Success Admin","true","Is_Installed_CSA_Admin","true",""
"a1DDm000000kUndMAE","","Enable_Data_Carryover","","2023-02-24T16:04:45.000Z","005Dm000001PCR9IAO","2023-02-24T16:04:45.000Z","005Dm000001PCR9IAO","","TM Maintenance","true","Enable_Data_Carryover","false","This system setting enables support for cross tab conditional rendering within the Treasury Maintenance experience."
"a1DDm000000kUneMAE","","Write Back Blocked Objects","","2023-02-24T16:04:45.000Z","005Dm000001PCR9IAO","2023-02-24T16:04:45.000Z","005Dm000001PCR9IAO","","TM Maintenance","true","Write_Back_Blocked_Objects","User,LLC_BI__Checklist__c","This property allows you to enter a comma delimited list of SObjects that will not be updated when the Treasury Maintenance write back trigger is executed. On installation, the system sets Is Active to true and the value to 'User,LLC_BI__Checklist__c'."
"a1DDm000000kUnfMAE","","Spreads TTM Data Update","","2023-02-24T16:04:45.000Z","005Dm000001PCRAIA4","2023-02-24T16:04:45.000Z","005Dm000001PCRAIA4","","underwriting","true","spreads_ttm_data_update","true","This system property identifies when the system has executed the TTMLookupBatchUpdater and TTMRecordValueBatchUpdater batch updaters. On installation, the system sets Is Active to True and the value to True if the system has executed the batch updaters."
"a1DDm000000kUngMAE","","Delete Maintenance Request Statuses","","2023-02-24T16:04:45.000Z","005Dm000000nnayIAA","2023-02-24T16:04:45.000Z","005Dm000000nnayIAA","","TM Maintenance","true","TM_Delete_Maintenance_Request_Statuses","Submitted","This field indicates the which statuses will cause the Delete link to display for a treasury maintenance record"
"a1DDm000000kUnhMAE","","42870706282035847","","2023-02-24T16:04:45.000Z","005Dm000000nnayIAA","2023-02-24T16:04:45.000Z","005Dm000000nnayIAA","","MEMO","true","AutoGeneratedCategories","",""
"a1DDm000000kUniMAE","","Delete Maintenance Order Statuses","","2023-02-24T16:04:45.000Z","005Dm000000nnayIAA","2023-02-24T16:04:45.000Z","005Dm000000nnayIAA","","TM Maintenance","true","TM_Delete_Maintenance_Order_Statuses","New","This field indicates the which statuses will cause the Delete icon to display for a maintenance order on the Maintenance Request Orders card."
"a1DDm000000kUnjMAE","","Edit Maintenance Statuses","","2023-02-24T16:04:45.000Z","005Dm000000nnayIAA","2023-02-24T16:04:45.000Z","005Dm000000nnayIAA","","TM Maintenance","true","TM_Maintenance_Edit_Statuses","Submitted, Open","This field indicates the which statues will cause the Edit link to display for a treasury maintenance record"
"a1DDm000000kUnkMAE","","Complete Maintenance Statuses","","2023-02-24T16:04:45.000Z","005Dm000000nnayIAA","2023-02-24T16:04:45.000Z","005Dm000000nnayIAA","","TM Maintenance","true","TM_Maintenance_Complete_Statuses","Complete","Enter a comma-delimited list of statuses that update the Treasury Service parameters per maintenance request."
"a1DDm000000kUnlMAE","","Treasury Services Summary Fieldset","","2023-02-24T16:04:45.000Z","005Dm000000nnayIAA","2023-02-24T16:04:45.000Z","005Dm000000nnayIAA","","Treasury Services Summary","true","Treasury_Services_Summary_Fieldset","Treasury_Services_Summary_UI","Identifies the fielset to be used for the Treasury Services Summary view."
"a1DDm000000kUnmMAE","","A6D60919_558B_4D44_9099_2EEBEA1C4E61","","2023-02-24T16:04:45.000Z","005Dm000000nnayIAA","2023-02-24T16:04:45.000Z","005Dm000000nnayIAA","","ENTITY_INVOLVEMENT","true","All_Relationships_Field_Set","IB_Entity_Involvement_All_Relationships",""
"a1DDm000000kUnnMAE","","8FF3570A_76E5_455D_9617_005F36519A80","","2023-02-24T16:04:45.000Z","005Dm000000nnayIAA","2023-02-24T16:04:45.000Z","005Dm000000nnayIAA","","ENTITY_INVOLVEMENT","true","Individuals_Field_Set","IB_Entity_Involvement_Individuals_FS_CM",""
"a1DDm000000kUnoMAE","","Enable Custom Service Total","","2023-02-24T16:04:45.000Z","005Dm000001PCR9IAO","2023-02-24T16:04:45.000Z","005Dm000001PCR9IAO","","TM Proforma","true","Enable_Custom_Service_Total","false","This system property allows you to enable the Service Total section of the proforma to be configurable."
"a1DDm000000kUnpMAE","","B0F6A41C_4FD6_4B96_BC76_522D41D0A3B4","","2023-02-24T16:04:45.000Z","005Dm000000nnayIAA","2023-02-24T16:04:45.000Z","005Dm000000nnayIAA","","ENTITY_INVOLVEMENT","true","Businesses_Field_Set","IB_Entity_Involvement_Businesses_Fields",""
"a1DDm000000kUnqMAE","","42465044947062744","","2023-02-24T16:04:45.000Z","005Dm000000nnayIAA","2023-02-24T16:04:45.000Z","005Dm000000nnayIAA","","MEMO","true","AutoGeneratedCategories","",""
"a1DDm000000kUnrMAE","","Display View Scenario Icon","","2023-02-24T16:04:45.000Z","005Dm000001PCR9IAO","2023-02-24T16:04:45.000Z","005Dm000001PCR9IAO","","TM Proforma","true","Display_View_Scenario_Icon","false","This system property indicates if the View Scenario Icon should display on the Proforma scenario card."
"a1DDm000000kUnsMAE","","CLEANER.Covenant Batch Updater","","2023-02-24T16:04:45.000Z","005Dm000001PCR9IAO","2023-02-24T16:04:45.000Z","005Dm000001PCR9IAO","","CLEANER","true","CLEANER.Covenant Batch Updater","08eDm000002glzB",""
"a1DDm000000kUntMAE","","42267665165696903","","2023-02-24T16:04:45.000Z","005Dm000001PCRAIA4","2023-02-24T16:04:45.000Z","005Dm000001PCRAIA4","","underwriting","true","RMA_AWS_YEAR","2019",""
"a1DDm000000kUnuMAE","","0698A9CC_92E6_498E_8688_064298C57E11","","2023-02-24T16:04:45.000Z","005Dm000001PCR9IAO","2023-02-24T16:04:45.000Z","005Dm000001PCR9IAO","","TM Maintenance","true","TM_Maintenance_Allow_Duplicate_OTM","false","This system property gives admins the option to include deposits/contacts already associated with a Treasury Service. By default, the system property value is set to false and deposits/contacts already associated with a Treasury Service will be excluded."
"a1DDm000000kUnvMAE","","OVERRIDE_All_Relationships_Field_Set","","2023-02-24T16:04:45.000Z","005Dm000000nnayIAA","2023-02-24T16:04:45.000Z","005Dm000000nnayIAA","","ENTITY_INVOLVEMENT","false","All_Relationships_Field_Set","Entity_Involvement_All_Relation_Custom","OVERRIDE FOR NON SS_PE & TIN_PE FIELDS (PDI-7501)"
"a1DDm000000kUnwMAE","","42052193361181445","","2023-02-24T16:04:45.000Z","005Dm000000nnayIAA","2023-02-24T16:04:45.000Z","005Dm000000nnayIAA","","underwriting","true","section.Overview.render","true",""
"a1DDm000000kUnxMAE","","OVERRIDE_Individuals_Field_Set","","2023-02-24T16:04:45.000Z","005Dm000000nnayIAA","2023-02-24T16:04:45.000Z","005Dm000000nnayIAA","","ENTITY_INVOLVEMENT","false","Individuals_Field_Set","Entity_Involvement_Individuals_Custom","OVERRIDE FOR NON SS_PE & TIN_PE FIELDS (PDI-7501)"
"a1DDm000000kUnyMAE","","OVERRIDE_Businesses_Field_Set","","2023-02-24T16:04:45.000Z","005Dm000000nnayIAA","2023-02-24T16:04:45.000Z","005Dm000000nnayIAA","","ENTITY_INVOLVEMENT","false","Businesses_Field_Set","Entity_Involvement_Businesses_Custom","OVERRIDE FOR NON SS_PE & TIN_PE FIELDS (PDI-7501)"
"a1DDm000000kUnzMAE","","42173784230479916","","2023-02-24T16:04:45.000Z","005Dm000000nnayIAA","2023-02-24T16:04:45.000Z","005Dm000000nnayIAA","","underwriting","true","section.Overview.hide","false",""
"a1DDm000000kUo0MAE","","42218871317177102","","2023-02-24T16:04:45.000Z","005Dm000000nnayIAA","2023-02-24T16:04:45.000Z","005Dm000000nnayIAA","","underwriting","true","section.Overview.order","1",""
"a1DDm000000kUo1MAE","","42735688339366070","","2023-02-24T16:04:45.000Z","005Dm000000nnayIAA","2023-02-24T16:04:45.000Z","005Dm000000nnayIAA","","underwriting","true","section.Borrower Analysis.hide","false",""
"a1DDm000000kUo2MAE","","42879497428452926","","2023-02-24T16:04:45.000Z","005Dm000000nnayIAA","2023-02-24T16:04:45.000Z","005Dm000000nnayIAA","","underwriting","true","section.Borrower Analysis.render","false",""
"a1DDm000000kUo3MAE","","42651355235047981","","2023-02-24T16:04:45.000Z","005Dm000000nnayIAA","2023-02-24T16:04:45.000Z","005Dm000000nnayIAA","","underwriting","true","section.Borrower Analysis.order","2",""
"a1DDm000000kUo4MAE","","42314513109609928","","2023-02-24T16:04:45.000Z","005Dm000000nnayIAA","2023-02-24T16:04:45.000Z","005Dm000000nnayIAA","","underwriting","true","section.Co-Borrower Analysis.hide","false",""
"a1DDm000000kUo5MAE","","42811173702573930","","2023-02-24T16:04:45.000Z","005Dm000000nnayIAA","2023-02-24T16:04:45.000Z","005Dm000000nnayIAA","","underwriting","true","section.Co-Borrower Analysis.render","false",""
"a1DDm000000kUo6MAE","","42247931174952470","","2023-02-24T16:04:45.000Z","005Dm000000nnayIAA","2023-02-24T16:04:45.000Z","005Dm000000nnayIAA","","underwriting","true","section.Co-Borrower Analysis.order","3",""
"a1DDm000000kUo7MAE","","42939371747689476","","2023-02-24T16:04:45.000Z","005Dm000000nnayIAA","2023-02-24T16:04:45.000Z","005Dm000000nnayIAA","","underwriting","true","section.Guarantor Analysis.hide","false",""
"a1DDm000000kUo8MAE","","42787585423674590","","2023-02-24T16:04:45.000Z","005Dm000000nnayIAA","2023-02-24T16:04:45.000Z","005Dm000000nnayIAA","","underwriting","true","section.Guarantor Analysis.render","false",""
"a1DDm000000kUo9MAE","","42747490577905164","","2023-02-24T16:04:45.000Z","005Dm000000nnayIAA","2023-02-24T16:04:45.000Z","005Dm000000nnayIAA","","underwriting","true","section.Guarantor Analysis.order","4",""
"a1DDm000000kUoAMAU","","42377439596480482","","2023-02-24T16:04:45.000Z","005Dm000000nnayIAA","2023-02-24T16:04:45.000Z","005Dm000000nnayIAA","","underwriting","true","section.Related Entity Analysis.hide","false",""
"a1DDm000000kUoBMAU","","42788709724932253","","2023-02-24T16:04:45.000Z","005Dm000000nnayIAA","2023-02-24T16:04:45.000Z","005Dm000000nnayIAA","","underwriting","true","section.Related Entity Analysis.render","false",""
"a1DDm000000kUoCMAU","","42447040065858883","","2023-02-24T16:04:45.000Z","005Dm000000nnayIAA","2023-02-24T16:04:45.000Z","005Dm000000nnayIAA","","underwriting","true","section.Related Entity Analysis.order","5",""
"a1DDm000000kUoDMAU","","42468118895974978","","2023-02-24T16:04:45.000Z","005Dm000000nnayIAA","2023-02-24T16:04:45.000Z","005Dm000000nnayIAA","","underwriting","true","section.Global Analysis.hide","false",""
"a1DDm000000kUoEMAU","","42256545254759824","","2023-02-24T16:04:45.000Z","005Dm000000nnayIAA","2023-02-24T16:04:45.000Z","005Dm000000nnayIAA","","underwriting","true","section.Global Analysis.render","false",""
"a1DDm000000kUoFMAU","","42379436701356640","","2023-02-24T16:04:45.000Z","005Dm000000nnayIAA","2023-02-24T16:04:45.000Z","005Dm000000nnayIAA","","underwriting","true","section.Global Analysis.order","6",""
"a1DDm000000kUoGMAU","","42924529918635621","","2023-02-24T16:04:45.000Z","005Dm000000nnayIAA","2023-02-24T16:04:45.000Z","005Dm000000nnayIAA","","underwriting","true","section.Traditional Cash Flow.hide","false",""
"a1DDm000000kUoHMAU","","42010011054240803","","2023-02-24T16:04:45.000Z","005Dm000000nnayIAA","2023-02-24T16:04:45.000Z","005Dm000000nnayIAA","","underwriting","true","section.Traditional Cash Flow.render","false",""
"a1DDm000000kUoIMAU","","42441007466970674","","2023-02-24T16:04:45.000Z","005Dm000000nnayIAA","2023-02-24T16:04:45.000Z","005Dm000000nnayIAA","","underwriting","true","section.Traditional Cash Flow.order","9",""
"a1DDm000000kUoJMAU","","42103558324814841","","2023-02-24T16:04:45.000Z","005Dm000000nnayIAA","2023-02-24T16:04:45.000Z","005Dm000000nnayIAA","","underwriting","true","section.Ratios.hide","false",""
"a1DDm000000kUoKMAU","","42865130809159197","","2023-02-24T16:04:45.000Z","005Dm000000nnayIAA","2023-02-24T16:04:45.000Z","005Dm000000nnayIAA","","underwriting","true","section.Ratios.render","false",""
"a1DDm000000kUoLMAU","","42328626155321321","","2023-02-24T16:04:45.000Z","005Dm000000nnayIAA","2023-02-24T16:04:45.000Z","005Dm000000nnayIAA","","underwriting","true","section.Ratios.order","13",""
"a1DDm000000kUoMMAU","","API_CALL_LIMIT","","2023-02-24T16:04:45.000Z","005Dm000000nnayIAA","2023-02-24T16:04:45.000Z","005Dm000000nnayIAA","","Governor Limits","true","API_LIMIT","10",""
"a1DDm000000kUoNMAU","","42088528974495746","","2023-02-24T16:04:45.000Z","005Dm000000nnayIAA","2023-02-24T16:04:45.000Z","005Dm000000nnayIAA","","underwriting","true","section.UCA Cash Flow.hide","false",""
"a1DDm000000kUoOMAU","","42250150394455753","","2023-02-24T16:04:45.000Z","005Dm000000nnayIAA","2023-02-24T16:04:45.000Z","005Dm000000nnayIAA","","underwriting","true","section.UCA Cash Flow.render","false",""
"a1DDm000000kUoPMAU","","42231842676788954","","2023-02-24T16:04:45.000Z","005Dm000000nnayIAA","2023-02-24T16:04:45.000Z","005Dm000000nnayIAA","","underwriting","true","section.UCA Cash Flow.order","10",""
"a1DDm000000kUoQMAU","","C3ED3681_784F_4799_B986_E8EA956386DA","","2023-02-24T16:04:45.000Z","005Dm000000nnayIAA","2023-02-24T16:04:45.000Z","005Dm000000nnayIAA","","Utility","true","Composite_Field_Types","ADDRESS;LOCATION;",""
"a1DDm000000kUoRMAU","","8FD8B876_FD71_4AE3_B905_69793E05841F","","2023-02-24T16:04:45.000Z","005Dm000000nnayIAA","2023-02-24T16:04:45.000Z","005Dm000000nnayIAA","","Convert to nCino","true","account.type.filter","",""
"a1DDm000000kUoSMAU","","F884BC2F_DD11_4A35_AA03_93E2992B6518","","2023-02-24T16:04:45.000Z","005Dm000000nnayIAA","2023-02-24T16:04:45.000Z","005Dm000000nnayIAA","","loan_modification","true","allow.modify","true",""
"a1DDm000000kUoTMAU","","88F7DD43_5238_49C7_A837_B90D6174DC06","","2023-02-24T16:04:45.000Z","005Dm000000nnayIAA","2023-02-24T16:04:45.000Z","005Dm000000nnayIAA","","Convert to nCino","true","loan.name.account","business",""
"a1DDm000000kUoUMAU","","5EF0FFDA_4748_4E64_8E5D_26796B182235","","2023-02-24T16:04:45.000Z","005Dm000000nnayIAA","2023-02-24T16:04:45.000Z","005Dm000000nnayIAA","","Covenant Compliance","true","generate.compliance.records","true",""
"a1DDm000000kUoVMAU","","9FF25B2D_9581_40BD_AA72_F949CFAB1825","","2023-02-24T16:04:45.000Z","005Dm000000nnayIAA","2023-02-24T16:04:45.000Z","005Dm000000nnayIAA","","covenant_migration_category","true","covenant_migration_key","true",""
"a1DDm000000kUoWMAU","","73B197B4961711AD9822CBEDAE3E4A1A","","2023-02-24T16:04:45.000Z","005Dm000000nnayIAA","2023-02-24T16:04:45.000Z","005Dm000000nnayIAA","","document manager","true","updated_to_document_store","1",""
"a1DDm000000kUoXMAU","","2357FD9D_92E5_47B8_BE06_E033CCB8BD25","","2023-02-24T16:04:45.000Z","005Dm000000nnayIAA","2023-02-24T16:04:45.000Z","005Dm000000nnayIAA","","Copy Inactive Covenants","true","copy.inactive.covenants","false",""
"a1DDm000000kUoYMAU","","A09B4930_9171_4706_9D85_57FD174AD841","","2023-02-24T16:04:45.000Z","005Dm000000nnayIAA","2023-02-24T16:04:45.000Z","005Dm000000nnayIAA","","collateral2_migration_category","true","collateral2_migration_key","true",""
"a1DDm000000kUoZMAU","","68FE8310_0760_4C14_83BB_DDD94614CC9C","","2023-02-24T16:04:45.000Z","005Dm000000nnayIAA","2023-02-24T16:04:45.000Z","005Dm000000nnayIAA","","opportunity_history","true","opportunity_history.start_end_time_batch","true",""
"a1DDm000000kUoaMAE","","162A2758_43AB_424C_AEAE_5AA07C53CAA2","","2023-02-24T16:04:45.000Z","005Dm000000nnayIAA","2023-02-24T16:04:45.000Z","005Dm000000nnayIAA","","opportunity_history","true","opportunity_history.stage_change_batch","true",""
"a1DDm000000kUobMAE","","02C13CE3_B9C7_4A1B_9092_F16CE2E071EE","","2023-02-24T16:04:45.000Z","005Dm000000nnayIAA","2023-02-24T16:04:45.000Z","005Dm000000nnayIAA","","opportunity_history","true","opportunity_history.final_stage_change_duration_batch","true",""
"a1DDm000000kUocMAE","","3E5262BD_B4F7_4437_88A1_952DEB0D94AD","","2023-02-24T16:04:45.000Z","005Dm000000nnayIAA","2023-02-24T16:04:45.000Z","005Dm000000nnayIAA","","opportunity_history","true","opportunity_history.amount_change_batch","true",""
"a1DDm000000kUodMAE","","F4C9B0AE_3606_4FE0_9CAE_136A30E5BDAF","","2023-02-24T16:04:45.000Z","005Dm000000nnayIAA","2023-02-24T16:04:45.000Z","005Dm000000nnayIAA","","opportunity_history","true","opportunity_history.status_change_batch","true",""
"a1DDm000000kUoeMAE","","9C8710E0_EBE6_4696_B611_68F5AA4423F2","","2023-02-24T16:04:45.000Z","005Dm000000nnayIAA","2023-02-24T16:04:45.000Z","005Dm000000nnayIAA","","opportunity_history","true","opportunity_history.non_business_minutes_batch","true",""
"a1DDm000000kUofMAE","","251ED42B_ADBE_419C_BFCF_E3BE79715376","","2023-02-24T16:04:45.000Z","005Dm000000nnayIAA","2023-02-24T16:04:45.000Z","005Dm000000nnayIAA","","opportunity_history","true","opportunity_history.stage_duration_duration_batch","true",""
"a1DDm000000kUogMAE","","7970EE9B_308D_416C_85E8_BE451E49E4E8","","2023-02-24T16:04:45.000Z","005Dm000000nnayIAA","2023-02-24T16:04:45.000Z","005Dm000000nnayIAA","","opportunity_history","true","opportunity_history.excluded_stages_duration_batch","true",""
"a1DDm000000kUohMAE","","3C4995A8_ABF2_4715_8B12_FA0F3353B5C1","","2023-02-24T16:04:45.000Z","005Dm000000nnayIAA","2023-02-24T16:04:45.000Z","005Dm000000nnayIAA","","opportunity_history","true","opportunity_history.non_business_minutes_duration_batch","true",""
"a1DDm000000kUoiMAE","","42168498436430299","","2023-02-24T16:04:45.000Z","005Dm000000nnayIAA","2023-02-24T16:04:45.000Z","005Dm000000nnayIAA","","underwriting","true","credit_memo_css","Default_Credit_Memo_CSS",""
"a1DDm000000kUojMAE","","42920904350385051","","2023-02-24T16:04:45.000Z","005Dm000000nnayIAA","2023-02-24T16:04:45.000Z","005Dm000000nnayIAA","","underwriting","true","credit_memo_resource","credit_memo_default_resource",""
"a1DDm000000kUokMAE","","42235518887578912","","2023-02-24T16:04:45.000Z","005Dm000000nnayIAA","2023-02-24T16:04:45.000Z","005Dm000000nnayIAA","","underwriting","true","credit_memo_narrative_upgraded","true",""
"a1DDm000000kUolMAE","","42079485954905388","","2023-02-24T16:04:45.000Z","005Dm000000nnayIAA","2023-02-24T16:04:45.000Z","005Dm000000nnayIAA","","underwriting","true","credit_memo_export_css","Default_Credit_Memo_Export_CSS",""
"a1DDm000000kUomMAE","","42486673982462744","","2023-02-24T16:04:45.000Z","005Dm000000nnayIAA","2023-02-24T16:04:45.000Z","005Dm000000nnayIAA","","underwriting","true","credit_memo_logo","LLC_BI__credit_memo_default_logo",""
"a1DDm000000kUonMAE","","42859096501775600","","2023-02-24T16:04:45.000Z","005Dm000000nnayIAA","2023-02-24T16:04:45.000Z","005Dm000000nnayIAA","","underwriting","true","credit_memo_export_enabled","true",""
"a1DDm000000kUooMAE","","42485274717839307","","2023-02-24T16:04:45.000Z","005Dm000000nnayIAA","2023-02-24T16:04:45.000Z","005Dm000000nnayIAA","","underwriting","true","credit_memo_spreads_appendix_debt_schedule_upgraded","true",""
"a1DDm000000kUopMAE","","B76A0BC0_6E39_4EAD_B574_2DE3BD650C80","","2023-02-24T16:04:45.000Z","005Dm000000nnayIAA","2023-02-24T16:04:45.000Z","005Dm000000nnayIAA","","fee_upgrade_category","true","fee_upgrade_category","true",""
"a1DDm000000kUoqMAE","","42131337942261416","","2023-02-24T16:04:45.000Z","005Dm000000nnayIAA","2023-02-24T16:04:45.000Z","005Dm000000nnayIAA","","REVIEW","true","RiskRatingReviewDecisioned","Declined,Approved",""
"a1DDm000000kUorMAE","","42111651659107497","","2023-02-24T16:04:45.000Z","005Dm000000nnayIAA","2023-02-24T16:04:45.000Z","005Dm000000nnayIAA","","REVIEW","true","StatusComplete","Complete",""
"a1DDm000000kUosMAE","","42057766218400185","","2023-02-24T16:04:45.000Z","005Dm000000nnayIAA","2023-02-24T16:04:45.000Z","005Dm000000nnayIAA","","REVIEW","true","StatusInProgress","In Progress",""
"a1DDm000000kUotMAE","","42611146010258295","","2023-02-24T16:04:45.000Z","005Dm000000nnayIAA","2023-02-24T16:04:45.000Z","005Dm000000nnayIAA","","REVIEW","true","ProductPackageFieldSet","LLC_BI__ReviewDisplay",""
"a1DDm000000kUouMAE","","42362940515367103","","2023-02-24T16:04:45.000Z","005Dm000000nnayIAA","2023-02-24T16:04:45.000Z","005Dm000000nnayIAA","","REVIEW","true","RelationshipRelatedListFieldSet","cm_Review_Display",""
"a1DDm000000kUovMAE","","42518034296465627","","2023-02-24T16:04:45.000Z","005Dm000000nnayIAA","2023-02-24T16:04:45.000Z","005Dm000000nnayIAA","","REVIEW","true","LoansRelatedListFieldSet","cm_Review_Display",""
"a1DDm000000kUowMAE","","42611835893241592","","2023-02-24T16:04:45.000Z","005Dm000000nnayIAA","2023-02-24T16:04:45.000Z","005Dm000000nnayIAA","","REVIEW","true","LegalEntityRelatedListFieldSet","LLC_BI__ReviewDisplay",""
"a1DDm000000kUoxMAE","","42050863419275938","","2023-02-24T16:04:45.000Z","005Dm000000nnayIAA","2023-02-24T16:04:45.000Z","005Dm000000nnayIAA","","REVIEW","true","PackageReviewCompleteStatuses","Complete,Approved",""
"a1DDm000000kUoyMAE","","42329595757627030","","2023-02-24T16:04:45.000Z","005Dm000000nnayIAA","2023-02-24T16:04:45.000Z","005Dm000000nnayIAA","","REVIEW","true","RelationshipDetailFieldSet","LLC_BI__ReviewDetailDisplay",""
"a1DDm000000kUozMAE","","42686428183587094","","2023-02-24T16:04:45.000Z","005Dm000000nnayIAA","2023-02-24T16:04:45.000Z","005Dm000000nnayIAA","","REVIEW","true","AccountReviewCompleteStatuses","Complete,Approved",""
"a1DDm000000kUp0MAE","","42892821559433487","","2023-02-24T16:04:45.000Z","005Dm000000nnayIAA","2023-02-24T16:04:45.000Z","005Dm000000nnayIAA","","REVIEW","true","PackageStatusInProgress","In Review",""
"a1DDm000000kUp1MAE","","42222451975792349","","2023-02-24T16:04:45.000Z","005Dm000000nnayIAA","2023-02-24T16:04:45.000Z","005Dm000000nnayIAA","","REVIEW","true","PackageStatusInProgress","In Review",""
"a1DDm000000kUp2MAE","","42147115894033349","","2023-02-24T16:04:45.000Z","005Dm000000nnayIAA","2023-02-24T16:04:45.000Z","005Dm000000nnayIAA","","MEMO","true","InformationSection","LLC_BI__InformationSection",""
"a1DDm000000kUp3MAE","","42426147692385439","","2023-02-24T16:04:45.000Z","005Dm000000nnayIAA","2023-02-24T16:04:45.000Z","005Dm000000nnayIAA","","MEMO","true","FinalApprovalStatus","Approved,Rejected",""
"a1DDm000000kUp4MAE","","42208971663333971","","2023-02-24T16:04:45.000Z","005Dm000000nnayIAA","2023-02-24T16:04:45.000Z","005Dm000000nnayIAA","","MEMO","true","UpdateLoanStatus","Approved",""
"a1DDm000000kUp5MAE","","42900229159390428","","2023-02-24T16:04:45.000Z","005Dm000000nnayIAA","2023-02-24T16:04:45.000Z","005Dm000000nnayIAA","","MEMO","true","UpdateLoanTypes","Change Memo,Short Term Extension",""
"a1DDm000000kUp6MAE","","42613802531750582","","2023-02-24T16:04:45.000Z","005Dm000000nnayIAA","2023-02-24T16:04:45.000Z","005Dm000000nnayIAA","","MEMO","true","ReadOnlyFields","LLC_BI__Loan__c,LLC_BI__Approval_Status__c,LLC_BI__Memo_Type__c",""
"a1DDm000000kUp7MAE","","42649863588617579","","2023-02-24T16:04:45.000Z","005Dm000000nnayIAA","2023-02-24T16:04:45.000Z","005Dm000000nnayIAA","","MEMO_APPROVAL_REQUIRED","false","LLC_BI__Amount_Change__c","LLC_BI__MemoCategoryAmount",""
"a1DDm000000kUp8MAE","","42933794293337251","","2023-02-24T16:04:45.000Z","005Dm000000nnayIAA","2023-02-24T16:04:45.000Z","005Dm000000nnayIAA","","MEMO","true","ReadOnlyTypes","Original",""
"a1DDm000000kUp9MAE","","42597528491470146","","2023-02-24T16:04:45.000Z","005Dm000000nnayIAA","2023-02-24T16:04:45.000Z","005Dm000000nnayIAA","","MEMO","true","AutoGeneratedType","Original",""
"a1DDm000000kUpAMAU","","42955820266868105","","2023-02-24T16:04:45.000Z","005Dm000000nnayIAA","2023-02-24T16:04:45.000Z","005Dm000000nnayIAA","","MEMO","true","ReadOnlyMultipleAllowed","false",""
"a1DDm000000kUpBMAU","","42373550837081772","","2023-02-24T16:04:45.000Z","005Dm000000nnayIAA","2023-02-24T16:04:45.000Z","005Dm000000nnayIAA","","MEMO_APPROVAL_REQUIRED","false","LLC_BI__Loan_Term_Change__c","LLC_BI__MemoCategoryTerms",""
"a1DDm000000kUpCMAU","","42780435584168484","","2023-02-24T16:04:45.000Z","005Dm000000nnayIAA","2023-02-24T16:04:45.000Z","005Dm000000nnayIAA","","MEMO_APPROVAL_REQUIRED","false","LLC_BI__New_Rate_Requested__c","LLC_BI__MemoCategoryRate",""
"a1DDm000000kUpDMAU","","42916189591932414","","2023-02-24T16:04:45.000Z","005Dm000000nnayIAA","2023-02-24T16:04:45.000Z","005Dm000000nnayIAA","","MEMO_APPROVAL_REQUIRED","true","LLC_BI__Collateral_Change__c","NONE",""
"a1DDm000000kUpEMAU","","42932043946245682","","2023-02-24T16:04:45.000Z","005Dm000000nnayIAA","2023-02-24T16:04:45.000Z","005Dm000000nnayIAA","","MEMO_APPROVAL_REQUIRED","false","LLC_BI__Equity_Injection_Change__c","NONE",""
"a1DDm000000kUpFMAU","","42605363348918678","","2023-02-24T16:04:45.000Z","005Dm000000nnayIAA","2023-02-24T16:04:45.000Z","005Dm000000nnayIAA","","MEMO_APPROVAL_NOT_REQUIRED","true","LLC_BI__Guarantor_Removed__c","NONE",""
"a1DDm000000kUpGMAU","","42456060288247777","","2023-02-24T16:04:45.000Z","005Dm000000nnayIAA","2023-02-24T16:04:45.000Z","005Dm000000nnayIAA","","MEMO_APPROVAL_REQUIRED","false","LLC_BI__Re_approval_After_Expiration__c","NONE",""
"a1DDm000000kUpHMAU","","42027887943682422","","2023-02-24T16:04:45.000Z","005Dm000000nnayIAA","2023-02-24T16:04:45.000Z","005Dm000000nnayIAA","","MEMO_APPROVAL_REQUIRED","false","LLC_BI__Life_Insurance_Change__c","NONE",""
"a1DDm000000kUpIMAU","","42438465024216168","","2023-02-24T16:04:45.000Z","005Dm000000nnayIAA","2023-02-24T16:04:45.000Z","005Dm000000nnayIAA","","MEMO_APPROVAL_REQUIRED","true","LLC_BI__Other__c","NONE",""
"a1DDm000000kUpJMAU","","42426671116369519","","2023-02-24T16:04:45.000Z","005Dm000000nnayIAA","2023-02-24T16:04:45.000Z","005Dm000000nnayIAA","","MEMO_APPROVAL_REQUIRED","false","LLC_BI__Post_Close_Items__c","LLC_BI__MemoCategoryPostClosingItems",""
"a1DDm000000kUpKMAU","","42020381590333397","","2023-02-24T16:04:45.000Z","005Dm000000nnayIAA","2023-02-24T16:04:45.000Z","005Dm000000nnayIAA","","MEMO_APPROVAL_REQUIRED","false","LLC_BI__Seller_Note_Change__c","NONE",""
"a1DDm000000kUpLMAU","","42519714950226677","","2023-02-24T16:04:45.000Z","005Dm000000nnayIAA","2023-02-24T16:04:45.000Z","005Dm000000nnayIAA","","MEMO_APPROVAL_NOT_REQUIRED","false","LLC_BI__Use_of_Proceeds_Change__c","NONE",""
"a1DDm000000kUpMMAU","","42447101522874025","","2023-02-24T16:04:45.000Z","005Dm000000nnayIAA","2023-02-24T16:04:45.000Z","005Dm000000nnayIAA","","MEMO_APPROVAL_NOT_REQUIRED","true","LLC_BI__Guarantor_Added__c","NONE",""
"a1DDm000000kUpNMAU","","42746271084473731","","2023-02-24T16:04:45.000Z","005Dm000000nnayIAA","2023-02-24T16:04:45.000Z","005Dm000000nnayIAA","","DocuSign Communicator","true","DocuSign Account Id","<User Defined>",""
"a1DDm000000kUpOMAU","","42349553207793105","","2023-02-24T16:04:45.000Z","005Dm000000nnayIAA","2023-02-24T16:04:45.000Z","005Dm000000nnayIAA","","DocuSign Communicator","true","DocuSign Integration Key","<User Defined>",""
"a1DDm000000kUpPMAU","","42695437715616113","","2023-02-24T16:04:45.000Z","005Dm000000nnayIAA","2023-02-24T16:04:45.000Z","005Dm000000nnayIAA","","DocuSign Communicator","true","HTTP.Header.Content-Type","application/json",""
"a1DDm000000kUpQMAU","","42206704279962448","","2023-02-24T16:04:45.000Z","005Dm000000nnayIAA","2023-02-24T16:04:45.000Z","005Dm000000nnayIAA","","DocuSign Communicator","true","DocuSign Username","<User Defined>",""
"a1DDm000000kUpRMAU","","42083670357895188","","2023-02-24T16:04:45.000Z","005Dm000000nnayIAA","2023-02-24T16:04:45.000Z","005Dm000000nnayIAA","","DocuSign Communicator","true","DocuSign Password","<User Defined>",""
"a1DDm000000kUpSMAU","","42007944159400148","","2023-02-24T16:04:45.000Z","005Dm000000nnayIAA","2023-02-24T16:04:45.000Z","005Dm000000nnayIAA","","DocuSign Communicator","true","HTTP.TimeOut","120000",""
"a1DDm000000kUpTMAU","","42078704544445050","","2023-02-24T16:04:45.000Z","005Dm000000nnayIAA","2023-02-24T16:04:45.000Z","005Dm000000nnayIAA","","DocuSign Communicator","true","HTTP.Header.Accept","application/json",""
"a1DDm000000kUpUMAU","","42037027129988295","","2023-02-24T16:04:45.000Z","005Dm000000nnayIAA","2023-02-24T16:04:45.000Z","005Dm000000nnayIAA","","PRODUCT_PACKAGE","true","PendingPackageEditFields","LLC_BI__Status__c,LLC_BI__Stage__c,LLC_BI__Is_Review_Ready__c",""
"a1DDm000000kUpVMAU","","42150864331634334","","2023-02-24T16:04:45.000Z","005Dm000000nnayIAA","2023-02-24T16:04:45.000Z","005Dm000000nnayIAA","","underwriting","true","credit_memo_force_layout_upgraded","true",""
"a1DDm000000kUpWMAU","","42851661248279719","","2023-02-24T16:04:45.000Z","005Dm000000nnayIAA","2023-02-24T16:04:45.000Z","005Dm000000nnayIAA","","underwriting","true","credit_memo_force_view_upgraded","true",""
"a1DDm000000kUpXMAU","","42908924867257998","","2023-02-24T16:04:45.000Z","005Dm000000nnayIAA","2023-02-24T16:04:45.000Z","005Dm000000nnayIAA","","underwriting","true","credit_memo_force_widget_upgraded","true",""
"a1DDm000000kUpYMAU","","42199694243566500","","2023-02-24T16:04:45.000Z","005Dm000000nnayIAA","2023-02-24T16:04:45.000Z","005Dm000000nnayIAA","","underwriting","true","ko-app-columns-installed","true",""
"a1DDm000000kUpZMAU","","42852090856155206","","2023-02-24T16:04:45.000Z","005Dm000000nnayIAA","2023-02-24T16:04:45.000Z","005Dm000000nnayIAA","","underwriting","true","credit_memo_force_screen_upgraded","true",""
"a1DDm000000kUpaMAE","","42204535454238820","","2023-02-24T16:04:45.000Z","005Dm000000nnayIAA","2023-02-24T16:04:45.000Z","005Dm000000nnayIAA","","underwriting","true","credit_memo_force_screen_section_upgraded","true",""
"a1DDm000000kUpbMAE","","42998306999902048","","2023-02-24T16:04:45.000Z","005Dm000000nnayIAA","2023-02-24T16:04:45.000Z","005Dm000000nnayIAA","","underwriting","true","credit_memo_force_section_config_upgraded","true",""
"a1DDm000000kUpcMAE","","42532501737588026","","2023-02-24T16:04:45.000Z","005Dm000000nnayIAA","2023-02-24T16:04:45.000Z","005Dm000000nnayIAA","","underwriting","true","automate-covenant-testing","false",""
"a1DDm000000kUpdMAE","","42338980128886308","","2023-02-24T16:04:45.000Z","005Dm000000nnayIAA","2023-02-24T16:04:45.000Z","005Dm000000nnayIAA","","underwriting","true","credit_memo_force_attachments_upgraded","true",""
"a1DDm000000kUpeMAE","","Package Credit Action","","2023-02-24T16:04:45.000Z","005Dm000000nnayIAA","2023-02-24T16:04:45.000Z","005Dm000000nnayIAA","","Package Credit Action","true","Maintain Hierarchy","False",""
"a1DDm000000kUpfMAE","","42406683436110725","","2023-02-24T16:04:45.000Z","005Dm000000nnayIAA","2023-02-24T16:04:45.000Z","005Dm000000nnayIAA","","ProductPackageCreditAction","true","Modify","true",""
"a1DDm000000kUpgMAE","","42544145815874795","","2023-02-24T16:04:45.000Z","005Dm000000nnayIAA","2023-02-24T16:04:45.000Z","005Dm000000nnayIAA","","ProductPackageCreditAction","true","Renew","true",""
"a1DDm000000kUphMAE","","42113606616115030","","2023-02-24T16:04:45.000Z","005Dm000000nnayIAA","2023-02-24T16:04:45.000Z","005Dm000000nnayIAA","","ProductPackageCreditAction","true","Review","true",""
"a1DDm000000kUpiMAE","","42319815160130996","","2023-02-24T16:04:45.000Z","005Dm000000nnayIAA","2023-02-24T16:04:45.000Z","005Dm000000nnayIAA","","ProductPackageCreditAction","true","RenewalOrModificationStagesDisable","Closing",""
"a1DDm000000kUpjMAE","","42599565823232667","","2023-02-24T16:04:45.000Z","005Dm000000nnayIAA","2023-02-24T16:04:45.000Z","005Dm000000nnayIAA","","ProductPackageCreditAction","true","Exclude","true",""
"a1DDm000000kUpkMAE","","CHECK_ORDERING_URL","","2023-02-24T16:04:45.000Z","005Dm000000nnayIAA","2023-02-24T16:04:45.000Z","005Dm000000nnayIAA","","DEPOSIT_CREATION","true","CHECK_ORDERING_URL","",""
"a1DDm000000kUplMAE","","42064525529845850","","2023-02-24T16:04:45.000Z","005Dm000000nnayIAA","2023-02-24T16:04:45.000Z","005Dm000000nnayIAA","","ManageFacilities","true","ProductPackageNull","true",""
"a1DDm000000kUpmMAE","","42952266036051378","","2023-02-24T16:04:45.000Z","005Dm000000nnayIAA","2023-02-24T16:04:45.000Z","005Dm000000nnayIAA","","PRODUCT_PACKAGE","true","FacilityAggregationExclusionStatus","Superceded,Superseded,Withdrawn,Paid Out,Declined",""
"a1DDm000000kUpnMAE","","42626767174220354","","2023-02-24T16:04:45.000Z","005Dm000000nnayIAA","2023-02-24T16:04:45.000Z","005Dm000000nnayIAA","","PRODUCT_PACKAGE","true","CloneFieldsWithLoanTakedown","true",""
"a1DDm000000kUpoMAE","","42431469525291339","","2023-02-24T16:04:45.000Z","005Dm000000nnayIAA","2023-02-24T16:04:45.000Z","005Dm000000nnayIAA","","PRODUCT_PACKAGE","true","IndividualApprovalsOnPropagation","false",""
"a1DDm000000kUppMAE","","A12F2C92_2D61_411C_A161_F9F7AE1C2B4F","","2023-02-24T16:04:45.000Z","005Dm000000nnayIAA","2023-02-24T16:04:45.000Z","005Dm000000nnayIAA","","policy_exception_example_category","true","policy_exception_example_category","false",""
"a1DDm000000kUpqMAE","","42513881874383010","","2023-02-24T16:04:45.000Z","005Dm000000nnayIAA","2023-02-24T16:04:45.000Z","005Dm000000nnayIAA","","CLA","true","BudgetFieldsToCopy","Budget_Template__c,Name,Description__c,Is_Initially_Editable__c,Is_Template__c,Total_Budget_Amount__c,Total_Allocated__c",""
"a1DDm000000kUprMAE","","42522773656223728","","2023-02-24T16:04:45.000Z","005Dm000000nnayIAA","2023-02-24T16:04:45.000Z","005Dm000000nnayIAA","","CLA","true","EnableDrawRequestLineItemToExceedRemainingAmount","true",""
"a1DDm000000kUpsMAE","","42124981758521473","","2023-02-24T16:04:45.000Z","005Dm000000nnayIAA","2023-02-24T16:04:45.000Z","005Dm000000nnayIAA","","CLA","true","BudgetLineItemFieldsToCopy","Amount_Budgeted__c,Description__c,Notes__c,Order__c",""
"a1DDm000000kUptMAE","","42022562479159880","","2023-02-24T16:04:45.000Z","005Dm000001PCRAIA4","2023-02-24T16:04:45.000Z","005Dm000001PCRAIA4","","underwriting","true","Enable_RMA_Benchmarking","false",""
"a1DDm000000kUpuMAE","","42351515002834160","","2023-02-24T16:04:45.000Z","005Dm000001PCRAIA4","2023-02-24T16:04:45.000Z","005Dm000001PCRAIA4","","underwriting","true","RMA_AWS_Token","awsToken",""
"a1DDm000000kUpvMAE","","42036379942739795","","2023-02-24T16:04:45.000Z","005Dm000001PCRAIA4","2023-02-24T16:04:45.000Z","005Dm000001PCRAIA4","","underwriting","true","RMA_AWS_URL","awsUrl",""
"a1DDm000000kUpwMAE","","Respondent ID","","2023-02-24T16:04:45.000Z","005Dm000000nnayIAA","2023-02-24T16:04:45.000Z","005Dm000000nnayIAA","","HMDA","true","Respondent_Id","","This field indicates the Financial Institutions respondent ID based on the regulating agency and type of institution."
"a1DDm000000kUpxMAE","","Financial Institution","","2023-02-24T16:04:45.000Z","005Dm000000nnayIAA","2023-02-24T16:04:45.000Z","005Dm000000nnayIAA","","HMDA","true","Financial_Institution","","This field indicates of the name of the Financial Institution that is submitting the HMDA data."
"a1DDm000000kUpyMAE","","Respondent Name","","2023-02-24T16:04:45.000Z","005Dm000000nnayIAA","2023-02-24T16:04:45.000Z","005Dm000000nnayIAA","","HMDA","true","Respondent_Name","","This field indicates the name of the Financial Institution submitting the HMDA data."
"a1DDm000000kUpzMAE","","Respondent State","","2023-02-24T16:04:45.000Z","005Dm000000nnayIAA","2023-02-24T16:04:45.000Z","005Dm000000nnayIAA","","HMDA","true","Respondent_State","","This field indicates the 2 character State code of the Financial Institution submitting the HMDA data. For example, for North Carolina enter NC."
"a1DDm000000kUq0MAE","","Respondent Address","","2023-02-24T16:04:45.000Z","005Dm000000nnayIAA","2023-02-24T16:04:45.000Z","005Dm000000nnayIAA","","HMDA","true","Respondent_Address","","This field indicates the address of the Financial Institution submitting the HMDA data."
"a1DDm000000kUq1MAE","","Respondent City","","2023-02-24T16:04:45.000Z","005Dm000000nnayIAA","2023-02-24T16:04:45.000Z","005Dm000000nnayIAA","","HMDA","true","Respondent_City","","This field indicates the City of the Financial Institution submitting the HMDA data."
"a1DDm000000kUq2MAE","","Respondent Zip","","2023-02-24T16:04:45.000Z","005Dm000000nnayIAA","2023-02-24T16:04:45.000Z","005Dm000000nnayIAA","","HMDA","true","Respondent_Zip","","This field indicates the ZIP of the Financial Institution submitting the HMDA data."
"a1DDm000000kUq3MAE","","Parent Name","","2023-02-24T16:04:45.000Z","005Dm000000nnayIAA","2023-02-24T16:04:45.000Z","005Dm000000nnayIAA","","HMDA","true","Parent_Name","","If respondent is a mortgage banking subsidiary (MBS) or a non-depository institution that has an affiliation with a depository institution, this field indicates the name of the Parent Financial Institution submitting the HMDA data."
"a1DDm000000kUq4MAE","","Parent Address","","2023-02-24T16:04:45.000Z","005Dm000000nnayIAA","2023-02-24T16:04:45.000Z","005Dm000000nnayIAA","","HMDA","true","Parent_Address","","If respondent is a mortgage banking subsidiary (MBS) or a non-depository institution that has an affiliation with a depository institution, this field indicates the address of the Parent Financial Institution submitting the HMDA data."
"a1DDm000000kUq5MAE","","Parent City","","2023-02-24T16:04:45.000Z","005Dm000000nnayIAA","2023-02-24T16:04:45.000Z","005Dm000000nnayIAA","","HMDA","true","Parent_City","","If respondent is a mortgage banking subsidiary (MBS) or a non-depository institution that has an affiliation with a depository institution, this field indicates the city of the Parent Financial Institution submitting the HMDA data."
"a1DDm000000kUq6MAE","","Parent State","","2023-02-24T16:04:45.000Z","005Dm000000nnayIAA","2023-02-24T16:04:45.000Z","005Dm000000nnayIAA","","HMDA","true","Parent_State","","If respondent is a mortgage banking subsidiary (MBS) or a non-depository institution that has an affiliation with a depository institution, this field indicates the 2 character state of the Parent Financial Institution submitting the HMDA data."
"a1DDm000000kUq7MAE","","Contact Fax Number","","2023-02-24T16:04:45.000Z","005Dm000000nnayIAA","2023-02-24T16:04:45.000Z","005Dm000000nnayIAA","","HMDA","true","Contact_Fax_Number","","This field is the contact person's Fax number at the Financial Institution who may be contacted with questions about the Financial Institution's HMDA submission."
"a1DDm000000kUq8MAE","","Parent Zip","","2023-02-24T16:04:45.000Z","005Dm000000nnayIAA","2023-02-24T16:04:45.000Z","005Dm000000nnayIAA","","HMDA","true","Parent_Zip","","If respondent is a mortgage banking subsidiary (MBS) or a non-depository institution that has an affiliation with a depository institution, this field indicates the ZIP code of the Parent Financial Institution submitting the HMDA data."
"a1DDm000000kUq9MAE","","Contact Name","","2023-02-24T16:04:45.000Z","005Dm000000nnayIAA","2023-02-24T16:04:45.000Z","005Dm000000nnayIAA","","HMDA","true","Contact_Name","","This field is the contact person's name at the Financial Institution who may be contacted with questions about the Financial Institution's HMDA submission."
"a1DDm000000kUqAMAU","","Contact Phone Number","","2023-02-24T16:04:45.000Z","005Dm000000nnayIAA","2023-02-24T16:04:45.000Z","005Dm000000nnayIAA","","HMDA","true","Contact_Phone_Number","","This field is the contact person's phone number at the Financial Institution who may be contacted with questions about the Financial Institution's HMDA submission."
"a1DDm000000kUqBMAU","","Contact Email","","2023-02-24T16:04:45.000Z","005Dm000000nnayIAA","2023-02-24T16:04:45.000Z","005Dm000000nnayIAA","","HMDA","true","Contact_Email","","This field is the contact person's Email address at the Financial Institution who may be contacted with questions about the Financial Institution's HMDA submission."
"a1DDm000000kUqCMAU","","Contact Street Address","","2023-02-24T16:04:45.000Z","005Dm000000nnayIAA","2023-02-24T16:04:45.000Z","005Dm000000nnayIAA","","HMDA","true","Contact_Street_Address","","This field is the contact person's Street Address at the Financial Institution who may be contacted with questions about the Financial Institution's HMDA submission."
"a1DDm000000kUqDMAU","","Contact City","","2023-02-24T16:04:45.000Z","005Dm000000nnayIAA","2023-02-24T16:04:45.000Z","005Dm000000nnayIAA","","HMDA","true","Contact_City","","This field is the contact person's City at the Financial Institution who may be contacted with questions about the Financial Institution's HMDA submission."
"a1DDm000000kUqEMAU","","Contact State","","2023-02-24T16:04:45.000Z","005Dm000000nnayIAA","2023-02-24T16:04:45.000Z","005Dm000000nnayIAA","","HMDA","true","Contact_State","","This field is the contact person's 2 character State at the Financial Institution who may be contacted with questions about the Financial Institution's HMDA submission. For example, for North Carolina enter NC."
"a1DDm000000kUqFMAU","","Legal Entity Identifier","","2023-02-24T16:04:45.000Z","005Dm000000nnayIAA","2023-02-24T16:04:45.000Z","005Dm000000nnayIAA","","HMDA","true","LEI","","This field indicates the 20 character Financial Institutions Legal Entity Identifier."
"a1DDm000000kUqGMAU","","Contact Zip","","2023-02-24T16:04:45.000Z","005Dm000000nnayIAA","2023-02-24T16:04:45.000Z","005Dm000000nnayIAA","","HMDA","true","Contact_Zip","","This field is the contact person's ZIP at the Financial Institution who may be contacted with questions about the Financial Institution's HMDA submission."
"a1DDm000000kUqHMAU","","Federal Agency","","2023-02-24T16:04:45.000Z","005Dm000000nnayIAA","2023-02-24T16:04:45.000Z","005Dm000000nnayIAA","","HMDA","true","Fed_Agency","","Enter 1 for Office of the Comptroller of the Currency, 2 for Fed Reserve System, 3 for Fed Deposit Ins Corp, 5 for National Credit Union Admin, 7 for US Dept. of Housing and Urban Development (HUD), 9 for Consumer Financial Protection Bureau (CFPB)"
"a1DDm000000kUqIMAU","","Federal Tax ID","","2023-02-24T16:04:45.000Z","005Dm000000nnayIAA","2023-02-24T16:04:45.000Z","005Dm000000nnayIAA","","HMDA","true","Fed_Tax_Id","","This field indicates the 10 character Financial Institutions Federal Tax Id."
"a1DDm000000kUqJMAU","","42214238204387839","","2023-02-24T16:04:45.000Z","005Dm000000nnayIAA","2023-02-24T16:04:45.000Z","005Dm000000nnayIAA","","Credit Memo","true","Credit Memo Save Version Enabled","true",""
"a1DDm000000kUqKMAU","","42633939807447466","","2023-02-24T16:04:45.000Z","005Dm000000nnayIAA","2023-02-24T16:04:45.000Z","005Dm000000nnayIAA","","Credit Memo","true","credit_memo_viewer","true",""
"a1DDm000000kUqLMAU","","33D71785_E89E_4EA6_8377_861CD26A109F","","2023-02-24T16:04:45.000Z","005Dm000000nnayIAA","2023-02-24T16:04:45.000Z","005Dm000000nnayIAA","","collateral2_migration_category","true","collateral2_1_migration_key","true",""
"a1DDm000000kUqMMAU","","42734409802566035","","2023-02-24T16:04:45.000Z","005Dm000000nnayIAA","2023-02-24T16:04:45.000Z","005Dm000000nnayIAA","","Excluded System Property Category","true","Excluded Pending Facilities Key","Declined, Withdrawn, DECLINED",""
"a1DDm000000kUqNMAU","","42253751423221801","","2023-02-24T16:04:45.000Z","005Dm000000nnayIAA","2023-02-24T16:04:45.000Z","005Dm000000nnayIAA","","MemoMoveModUpdateTrigger Category","true","MemoMoveModUpdateTrigger Status Key","false",""
"a1DDm000000kUqOMAU","","CLA Budget Amount Changes","","2023-02-24T16:04:45.000Z","005Dm000000nnayIAA","2023-02-24T16:04:45.000Z","005Dm000000nnayIAA","","MEMO_APPROVAL_REQUIRED","true","CLA_Budget_Amount_Change__c","NONE",""
"a1DDm000000kUqPMAU","","42373550837081773","","2023-02-24T16:04:45.000Z","005Dm000000nnayIAA","2023-02-24T16:04:45.000Z","005Dm000000nnayIAA","","MEMO_APPROVAL_REQUIRED","false","Loan_Information_Change__c","MemoCategoryLoanInformation",""
"a1DDm000000kUqQMAU","","42605363348918679","","2023-02-24T16:04:45.000Z","005Dm000000nnayIAA","2023-02-24T16:04:45.000Z","005Dm000000nnayIAA","","MEMO_APPROVAL_NOT_REQUIRED","true","Borrower_Removed__c","NONE",""
"a1DDm000000kUqRMAU","","605363348918678","","2023-02-24T16:04:45.000Z","005Dm000000nnayIAA","2023-02-24T16:04:45.000Z","005Dm000000nnayIAA","","MEMO_APPROVAL_NOT_REQUIRED","true","Borrower_Added__c","NONE",""
"a1DDm000000kUqSMAU","","CLA Budget Line Item Change","","2023-02-24T16:04:45.000Z","005Dm000000nnayIAA","2023-02-24T16:04:45.000Z","005Dm000000nnayIAA","","MEMO_APPROVAL_REQUIRED","true","CLA_Budget_Line_Item_Change__c","",""
"a1DDm000000kUqTMAU","","Prevent Field Map Override","","2023-02-24T16:04:45.000Z","005Dm000000nnayIAA","2023-02-24T16:04:45.000Z","005Dm000000nnayIAA","","Field Mapping Installer Category","true","Field Mapping Installer Key","true","The following system property prevents the Fall 2016 GA release data installer from overwriting the field maps for three Opportunity object fields:
Product Line, Product Type, and Product. Configure this system property before running the data installers"
"a1DDm000000kUqUMAU","","A634CA61_2905_4166_AF41_A42D33ADA887","","2023-02-24T16:04:45.000Z","005Dm000001PCRAIA4","2023-02-24T16:04:45.000Z","005Dm000001PCRAIA4","","underwriting","true","Separate_Annuals","false","When active and true, this system property allows analysts to group two different Spreads periods (annual and interim periods) in the output of print, export, or import analysis. By default, the system sets Is Active to true and the value to false."
"a1DDm000000kUqVMAU","","206C2A91_6431_4584_9418_E3132B16C83C","","2023-02-24T16:04:45.000Z","005Dm000001PCRAIA4","2023-02-24T16:04:45.000Z","005Dm000001PCRAIA4","","underwriting","true","Scale_Math_In_Cell","false","This system property enables the ability to scale math (addition and subtraction) in cell. On installation, the system sets Is Active to true and the value to false."
"a1DDm000000kUqWMAU","","A407FE53_AE52_40C8_8860_3984396F1418","","2023-02-24T16:04:45.000Z","005Dm000001PCRAIA4","2023-02-24T16:04:45.000Z","005Dm000001PCRAIA4","","underwriting","true","Backfill_Existing_Batch_Size","200","When active and a number populates the Value field, this system property allows a financial institution to determine the batch size when backfilling existing Spreads records.  By default, the system property is active and the value is 200."
"a1DDm000000kUqXMAU","","217277B5_ABA1_4BB5_92EB_51F04AE13085","","2023-02-24T16:04:45.000Z","005Dm000001PCRAIA4","2023-02-24T16:04:45.000Z","005Dm000001PCRAIA4","","Spreads_Debt_Schedule","true","DebtScheduleEntityInvolvementInclusion",",","This system property determines which entity involvements types on loans to include within the Debt Schedule in Spreads. By default, the system sets Is Active to true and the value to a single comma (,)."
"a1DDm000000kUqYMAU","","Maturity_Date_Change","","2023-02-24T16:04:45.000Z","005Dm000000nnayIAA","2023-02-24T16:04:45.000Z","005Dm000000nnayIAA","","MEMO_APPROVAL_REQUIRED","true","LLC_BI__Maturity_Date_Change__c","LLC_BI__MemoCategoryMaturityDate",""
"a1DDm000000kUqZMAU","","C4AA7243_5DB4_41F7_AE28_12BD0C58D6AD","","2023-02-24T16:04:45.000Z","005Dm000001PCRAIA4","2023-02-24T16:04:45.000Z","005Dm000001PCRAIA4","","underwriting","true","Show_Interims_And_Annuals_Divider","true","This system property controls if a divider column displays to separate interims from annual periods when users print/export Spreads. By default, the system sets Is Active to true and the value to true."
"a1DDm000000kUqaMAE","","CD3D0C98_6878_4D26_8708_5855D813A92B","","2023-02-24T16:04:45.000Z","005Dm000001PCRAIA4","2023-02-24T16:04:45.000Z","005Dm000001PCRAIA4","","underwriting","true","Import_Period_Values","false","This system property allows Spreads and CRE Analysis users to import period values from another period. On installation, the system sets Is Active totrueand the value tofalse."
"a1DDm000000kUqbMAE","","7746D7C0_8ED0_40F3_88A5_8A9FE7CF442A","","2023-02-24T16:04:45.000Z","005Dm000001PCRAIA4","2023-02-24T16:04:45.000Z","005Dm000001PCRAIA4","","underwriting","true","Historical_Math_in_Cell_Accuracy_Email","true","When active and an email address populates the Value field, this system property allows a financial institution to determine the recipients of the Historical Math in Cell Accuracy failure email."
"a1DDm000000kUqdMAE","","CLEANER.Lien Batch Updater","","2023-02-24T16:04:45.000Z","005Dm000001PCR9IAO","2023-02-24T16:04:45.000Z","005Dm000001PCR9IAO","","CLEANER","true","CLEANER.Lien Batch Updater","08eDm000002glzD",""
"a1DDm000000kUqfMAE","","CLEANER.Underwriting Cleaner","","2023-02-24T16:04:45.000Z","005Dm000001PCR9IAO","2023-02-24T16:04:45.000Z","005Dm000001PCR9IAO","","CLEANER","true","CLEANER.Underwriting Cleaner","08eDm000002glzF",""
